timestamp_iso,elapsed_sec,session_name,scenario,total_kbps,dds_kbps,microros_kbps,tcp_kbps,udp_kbps,bytes_recv_rate,bytes_sent_rate,packets_recv_rate,packets_sent_rate,gateway_latency_ms,gateway_jitter_ms,gateway_loss_percent,dds_latency_ms,dds_jitter_ms,dds_loss_percent,active_dds_domains,microros_active
2026-08-06T17:27:35Z,0.47,ensayo_01_kinova,Linea_Base_WiFi6,89.13,71.3,0.0,17.83,71.3,5550.6,5858.4,39.6,32.7,12.31,5.24,0.0,0.5,0.2,0.0,2;42,0
2026-08-06T17:27:37Z,2.22,ensayo_01_kinova,Linea_Base_WiFi6,83.54,66.83,0.0,16.71,66.83,4290.0,6403.0,30.4,25.8,64.91,12.78,0.0,0.5,0.2,0.0,2;42,0
2026-08-06T17:27:39Z,4.04,ensayo_01_kinova,Linea_Base_WiFi6,68.12,54.5,0.0,13.62,54.5,3901.0,4818.4,27.0,23.1,5.9,2.44,0.0,0.5,0.2,0.0,2;42,0
2026-08-06T17:27:40Z,5.78,ensayo_01_kinova,Linea_Base_WiFi6,103.24,82.59,0.0,20.65,82.59,5173.2,8041.2,36.1,31.5,3.84,0.17,0.0,0.5,0.2,0.0,2;42,0
2026-08-06T17:27:42Z,7.52,ensayo_01_kinova,Linea_Base_WiFi6,58.25,46.6,0.0,11.65,46.6,3278.9,4177.3,28.1,28.7,5.27,2.17,0.0,0.5,0.2,0.0,2;42,0
2026-08-06T17:27:44Z,9.27,ensayo_01_kinova,Linea_Base_WiFi6,76.95,61.56,0.0,15.39,61.56,4336.9,5513.3,31.6,28.7,12.33,0.96,0.0,0.5,0.2,0.0,2;42,0
2026-08-06T17:27:46Z,11.02,ensayo_01_kinova,Linea_Base_WiFi6,97.18,77.74,0.0,19.44,77.74,4902.7,7536.7,34.2,28.0,10.03,6.15,0.0,0.5,0.2,0.0,2;42,0
2026-08-06T17:27:47Z,12.77,ensayo_01_kinova,Linea_Base_WiFi6,76.58,61.26,0.0,15.32,61.26,4201.6,5601.0,29.1,29.1,34.92,6.24,0.0,0.5,0.2,0.0,2;42,0
2026-08-06T17:27:49Z,14.55,ensayo_01_kinova,Linea_Base_WiFi6,97.09,77.67,0.0,19.42,77.67,4708.5,7719.3,35.9,31.4,7.17,3.13,0.0,0.5,0.2,0.0,2;42,0
2026-08-06T17:27:51Z,16.3,ensayo_01_kinova,Linea_Base_WiFi6,60.27,48.22,0.0,12.05,48.22,3671.8,4042.4,28.6,25.2,9.48,3.58,0.0,0.5,0.2,0.0,2;42,0
2026-08-06T17:27:53Z,18.06,ensayo_01_kinova,Linea_Base_WiFi6,148.3,118.64,0.0,29.66,118.64,9003.9,9978.9,41.0,36.5,4.36,0.72,0.0,0.5,0.2,0.0,2;42,0
2026-08-06T17:27:54Z,19.8,ensayo_01_kinova,Linea_Base_WiFi6,205.83,164.66,0.0,41.17,164.66,19084.5,7262.0,51.1,41.3,6.69,2.69,0.0,0.5,0.2,0.0,2;42,0
2026-08-06T17:27:56Z,21.55,ensayo_01_kinova,Linea_Base_WiFi6,53.65,42.92,0.0,10.73,42.92,3164.0,3703.1,25.7,21.7,10.45,3.98,0.0,0.5,0.2,0.0,2;42,0
2026-08-06T17:27:58Z,23.3,ensayo_01_kinova,Linea_Base_WiFi6,101.93,81.54,0.0,20.39,81.54,5094.5,7952.2,37.1,30.8,3.66,0.69,0.0,0.5,0.2,0.0,2;42,0
2026-08-06T17:28:00Z,25.04,ensayo_01_kinova,Linea_Base_WiFi6,136.7,109.36,0.0,27.34,109.36,8444.0,9053.6,40.8,30.5,9.98,3.64,0.0,0.5,0.2,0.0,2;42,0
2026-08-06T17:28:01Z,26.8,ensayo_01_kinova,Linea_Base_WiFi6,101.84,81.47,0.0,20.37,81.47,5115.0,7920.7,36.4,30.7,4.86,0.31,0.0,0.5,0.2,0.0,2;42,0
2026-08-06T17:28:03Z,28.54,ensayo_01_kinova,Linea_Base_WiFi6,72.1,57.68,0.0,14.42,57.68,3974.0,5255.0,31.6,26.4,4.08,0.69,0.0,0.5,0.2,0.0,2;42,0
2026-08-06T17:28:05Z,30.28,ensayo_01_kinova,Linea_Base_WiFi6,87.02,69.62,0.0,17.4,69.62,4514.1,6624.1,33.9,29.3,5.03,0.11,0.0,0.5,0.2,0.0,2;42,0
2026-08-06T17:28:07Z,32.02,ensayo_01_kinova,Linea_Base_WiFi6,69.42,55.54,0.0,13.88,55.54,4002.8,4882.5,27.5,21.8,9.63,3.47,0.0,0.5,0.2,0.0,2;42,0
2026-08-06T17:28:08Z,33.78,ensayo_01_kinova,Linea_Base_WiFi6,103.2,82.56,0.0,20.64,82.56,5238.5,7971.1,38.8,31.4,11.02,3.08,0.0,0.5,0.2,0.0,2;42,0
2026-08-06T17:28:10Z,35.52,ensayo_01_kinova,Linea_Base_WiFi6,54.22,43.38,0.0,10.84,43.38,3239.9,3699.8,27.5,21.7,26.66,19.58,0.0,0.5,0.2,0.0,2;42,0
2026-08-06T17:28:12Z,37.31,ensayo_01_kinova,Linea_Base_WiFi6,74.49,59.59,0.0,14.9,59.59,4254.3,5280.1,31.4,25.8,7.41,2.76,0.0,0.5,0.2,0.0,2;42,0
2026-08-06T17:28:14Z,39.06,ensayo_01_kinova,Linea_Base_WiFi6,97.81,78.25,0.0,19.56,78.25,4957.7,7562.3,35.5,28.0,7.58,2.73,0.0,0.5,0.2,0.0,2;42,0
2026-08-06T17:28:15Z,40.81,ensayo_01_kinova,Linea_Base_WiFi6,78.05,62.44,0.0,15.61,62.44,4497.2,5492.6,34.3,28.0,6.61,1.31,0.0,0.5,0.2,0.0,2;42,0
2026-08-06T17:28:17Z,42.55,ensayo_01_kinova,Linea_Base_WiFi6,97.7,78.16,0.0,19.54,78.16,4792.0,7713.1,37.3,29.3,4.09,0.87,0.0,0.5,0.2,0.0,2;42,0
2026-08-06T17:28:19Z,44.29,ensayo_01_kinova,Linea_Base_WiFi6,61.48,49.18,0.0,12.3,49.18,3768.8,4100.4,29.8,25.8,3.19,0.44,0.0,0.5,0.2,0.0,2;42,0
2026-08-06T17:28:21Z,46.03,ensayo_01_kinova,Linea_Base_WiFi6,97.35,77.88,0.0,19.47,77.88,4942.7,7517.4,35.0,27.0,5.07,0.83,0.0,0.5,0.2,0.0,2;42,0
2026-08-06T17:28:22Z,47.78,ensayo_01_kinova,Linea_Base_WiFi6,75.05,60.04,0.0,15.01,60.04,4266.1,5340.1,30.3,25.8,3.4,0.3,0.0,0.5,0.2,0.0,2;42,0
2026-08-06T17:28:24Z,49.52,ensayo_01_kinova,Linea_Base_WiFi6,53.9,43.12,0.0,10.78,43.12,3158.3,3741.0,25.2,22.4,7.9,2.88,0.0,0.5,0.2,0.0,2;42,0
2026-08-06T17:28:26Z,51.27,ensayo_01_kinova,Linea_Base_WiFi6,101.85,81.48,0.0,20.37,81.48,4991.7,8044.5,34.3,32.0,14.76,7.04,0.0,0.5,0.2,0.0,2;42,0
2026-08-06T17:28:28Z,53.02,ensayo_01_kinova,Linea_Base_WiFi6,70.41,56.33,0.0,14.08,56.33,4019.3,4992.7,27.5,23.5,4.89,0.72,0.0,0.5,0.2,0.0,2;42,0
2026-08-06T17:28:29Z,54.76,ensayo_01_kinova,Linea_Base_WiFi6,101.73,81.38,0.0,20.35,81.38,5076.7,7944.9,35.0,30.4,5.77,0.94,0.0,0.5,0.2,0.0,2;42,0
2026-08-06T17:28:31Z,56.51,ensayo_01_kinova,Linea_Base_WiFi6,72.46,57.97,0.0,14.49,57.97,4007.7,5267.7,32.1,26.9,6.18,0.26,0.0,0.5,0.2,0.0,2;42,0
2026-08-06T17:28:33Z,58.25,ensayo_01_kinova,Linea_Base_WiFi6,218.59,174.87,0.0,43.72,174.87,18198.0,9781.7,47.0,40.1,13.96,8.26,0.0,0.5,0.2,0.0,2;42,0
2026-08-06T17:28:35Z,60.02,ensayo_01_kinova,Linea_Base_WiFi6,1599.12,1279.3,0.0,319.82,1279.3,191486.4,13200.3,140.1,131.6,20.33,5.92,0.0,0.5,0.2,0.0,2;42,0
2026-08-06T17:28:36Z,61.77,ensayo_01_kinova,Linea_Base_WiFi6,100.58,80.46,0.0,20.12,80.46,5035.3,7838.6,35.4,29.1,11.66,4.38,0.0,0.5,0.2,0.0,2;42,0
2026-08-06T17:28:38Z,63.52,ensayo_01_kinova,Linea_Base_WiFi6,53.41,42.73,0.0,10.68,42.73,3108.1,3728.6,25.2,21.8,3.99,0.36,0.0,0.5,0.2,0.0,2;42,0
2026-08-06T17:28:40Z,65.26,ensayo_01_kinova,Linea_Base_WiFi6,79.32,63.46,0.0,15.86,63.46,4536.0,5617.5,33.8,29.2,6.8,2.94,0.0,0.5,0.2,0.0,2;42,0
2026-08-06T17:28:42Z,67.0,ensayo_01_kinova,Linea_Base_WiFi6,96.28,77.02,0.0,19.26,77.02,4825.2,7498.5,32.7,26.4,12.14,3.89,0.0,0.5,0.2,0.0,2;42,0
2026-08-06T17:28:43Z,68.75,ensayo_01_kinova,Linea_Base_WiFi6,111.78,89.42,0.0,22.36,89.42,8298.9,6008.3,35.5,31.5,26.53,17.43,0.0,0.5,0.2,0.0,2;42,0
2026-08-06T17:28:45Z,70.53,ensayo_01_kinova,Linea_Base_WiFi6,95.62,76.5,0.0,19.12,76.5,4678.0,7561.9,35.9,28.6,4.98,0.63,0.0,0.5,0.2,0.0,2;42,0
2026-08-06T17:28:47Z,72.28,ensayo_01_kinova,Linea_Base_WiFi6,60.86,48.69,0.0,12.17,48.69,3709.9,4080.3,28.7,25.2,4.92,1.68,0.0,0.5,0.2,0.0,2;42,0
2026-08-06T17:28:49Z,74.02,ensayo_01_kinova,Linea_Base_WiFi6,97.61,78.09,0.0,19.52,78.09,4884.3,7609.6,33.8,28.6,6.33,1.07,0.0,0.5,0.2,0.0,2;42,0
2026-08-06T17:28:50Z,75.77,ensayo_01_kinova,Linea_Base_WiFi6,75.14,60.11,0.0,15.03,60.11,4229.1,5388.3,29.2,26.4,3.44,0.06,0.0,0.5,0.2,0.0,2;42,0
2026-08-06T17:28:52Z,77.51,ensayo_01_kinova,Linea_Base_WiFi6,52.31,41.85,0.0,10.46,41.85,3048.4,3647.5,23.6,20.7,4.41,0.07,0.0,0.5,0.2,0.0,2;42,0
2026-08-06T17:28:54Z,79.25,ensayo_01_kinova,Linea_Base_WiFi6,97.63,78.1,0.0,19.53,78.1,4787.8,7708.8,32.1,29.8,4.42,1.14,0.0,0.5,0.2,0.0,2;42,0
2026-08-06T17:28:56Z,81.0,ensayo_01_kinova,Linea_Base_WiFi6,74.7,59.76,0.0,14.94,59.76,4231.6,5329.7,29.8,25.8,4.58,0.32,0.0,0.5,0.2,0.0,2;42,0
2026-08-06T17:28:57Z,82.74,ensayo_01_kinova,Linea_Base_WiFi6,102.13,81.7,0.0,20.43,81.7,5079.1,7993.2,35.0,30.9,7.33,0.49,0.0,0.5,0.2,0.0,2;42,0
2026-08-06T17:28:59Z,84.49,ensayo_01_kinova,Linea_Base_WiFi6,73.07,58.46,0.0,14.61,58.46,3972.6,5380.3,31.0,28.7,5.83,2.66,0.0,0.5,0.2,0.0,2;42,0
2026-08-06T17:29:01Z,86.24,ensayo_01_kinova,Linea_Base_WiFi6,75.69,60.55,0.0,15.14,60.55,3911.4,5776.7,28.0,21.2,4.94,0.6,0.0,0.5,0.2,0.0,2;42,0
2026-08-06T17:29:03Z,87.98,ensayo_01_kinova,Linea_Base_WiFi6,78.91,63.13,0.0,15.78,63.13,4467.8,5632.9,31.5,28.1,3.37,0.25,0.0,0.5,0.2,0.0,2;42,0
2026-08-06T17:29:04Z,89.72,ensayo_01_kinova,Linea_Base_WiFi6,50.92,40.74,0.0,10.18,40.74,2981.4,3536.5,24.1,21.2,7.52,3.34,0.0,0.5,0.2,0.0,2;42,0
2026-08-06T17:29:06Z,91.48,ensayo_01_kinova,Linea_Base_WiFi6,104.03,83.22,0.0,20.81,83.22,5223.7,8092.0,36.5,31.3,8.97,5.42,0.0,0.5,0.2,0.0,2;42,0
2026-08-06T17:29:08Z,93.23,ensayo_01_kinova,Linea_Base_WiFi6,64.27,51.42,0.0,12.85,51.42,3568.9,4657.1,22.8,20.5,7.63,2.21,0.0,0.5,0.2,0.0,2;42,0
2026-08-06T17:29:10Z,94.98,ensayo_01_kinova,Linea_Base_WiFi6,106.43,85.14,0.0,21.29,85.14,5456.7,8166.8,40.0,32.5,19.65,16.19,0.0,0.5,0.2,0.0,2;42,0
2026-08-06T17:29:11Z,96.76,ensayo_01_kinova,Linea_Base_WiFi6,75.7,60.56,0.0,15.14,60.56,4320.1,5370.0,31.6,27.1,3.91,0.4,0.0,0.5,0.2,0.0,2;42,0
2026-08-06T17:29:13Z,98.5,ensayo_01_kinova,Linea_Base_WiFi6,96.41,77.13,0.0,19.28,77.13,4616.3,7723.7,33.8,29.2,3.24,0.02,0.0,0.5,0.2,0.0,2;42,0
2026-08-06T17:29:15Z,100.25,ensayo_01_kinova,Linea_Base_WiFi6,50.14,40.11,0.0,10.03,40.11,3087.6,3329.9,21.8,18.9,3.46,0.04,0.0,0.5,0.2,0.0,2;42,0
2026-08-06T17:29:17Z,101.99,ensayo_01_kinova,Linea_Base_WiFi6,106.12,84.9,0.0,21.22,84.9,5363.6,8219.2,37.9,32.7,4.44,0.31,0.0,0.5,0.2,0.0,2;42,0
2026-08-06T17:29:18Z,103.73,ensayo_01_kinova,Linea_Base_WiFi6,50.49,40.39,0.0,10.1,40.39,2912.2,3550.3,23.5,21.2,3.78,0.42,0.0,0.5,0.2,0.0,2;42,0
2026-08-06T17:29:20Z,105.48,ensayo_01_kinova,Linea_Base_WiFi6,80.84,64.67,0.0,16.17,64.67,4636.5,5711.2,33.8,29.8,4.1,0.89,0.0,0.5,0.2,0.0,2;42,0
2026-08-06T17:29:22Z,107.22,ensayo_01_kinova,Linea_Base_WiFi6,90.38,72.3,0.0,18.08,72.3,4339.6,7228.5,27.5,24.7,4.25,0.97,0.0,0.5,0.2,0.0,2;42,0
2026-08-06T17:29:24Z,108.97,ensayo_01_kinova,Linea_Base_WiFi6,80.31,64.25,0.0,16.06,64.25,4595.5,5684.2,33.3,29.2,7.67,0.85,0.0,0.5,0.2,0.0,2;42,0
2026-08-06T17:29:25Z,110.71,ensayo_01_kinova,Linea_Base_WiFi6,94.2,75.36,0.0,18.84,75.36,4474.9,7582.7,33.2,29.2,6.41,2.76,0.0,0.5,0.2,0.0,2;42,0
2026-08-06T17:29:27Z,112.45,ensayo_01_kinova,Linea_Base_WiFi6,79.37,63.5,0.0,15.87,63.5,4534.1,5625.0,32.2,28.1,5.34,1.89,0.0,0.5,0.2,0.0,2;42,0
2026-08-06T17:29:29Z,114.2,ensayo_01_kinova,Linea_Base_WiFi6,78.02,62.42,0.0,15.6,62.42,3939.3,6047.2,28.1,25.8,3.96,0.63,0.0,0.5,0.2,0.0,2;42,0
2026-08-06T17:29:31Z,115.94,ensayo_01_kinova,Linea_Base_WiFi6,79.83,63.86,0.0,15.97,63.86,4522.3,5696.1,32.1,29.8,8.75,5.21,0.0,0.5,0.2,0.0,2;42,0
2026-08-06T17:29:32Z,117.68,ensayo_01_kinova,Linea_Base_WiFi6,49.02,39.22,0.0,9.8,39.22,2816.7,3458.3,21.8,20.1,7.17,0.36,0.0,0.5,0.2,0.0,2;42,0
2026-08-06T17:29:34Z,119.43,ensayo_01_kinova,Linea_Base_WiFi6,105.95,84.76,0.0,21.19,84.76,5316.5,8245.2,37.8,33.8,7.93,4.53,0.0,0.5,0.2,0.0,2;42,0
2026-08-06T17:29:36Z,121.18,ensayo_01_kinova,Linea_Base_WiFi6,65.98,52.78,0.0,13.2,52.78,3700.1,4745.2,24.5,22.3,5.16,0.78,0.0,0.5,0.2,0.0,2;42,0
2026-08-06T17:29:38Z,122.92,ensayo_01_kinova,Linea_Base_WiFi6,104.12,83.3,0.0,20.82,83.3,5256.4,8071.3,36.2,30.4,5.25,0.99,0.0,0.5,0.2,0.0,2;42,0
2026-08-06T17:29:39Z,124.67,ensayo_01_kinova,Linea_Base_WiFi6,69.55,55.64,0.0,13.91,55.64,3804.3,5098.4,29.3,25.8,11.37,7.89,0.0,0.5,0.2,0.0,2;42,0
2026-08-06T17:29:41Z,126.41,ensayo_01_kinova,Linea_Base_WiFi6,87.7,70.16,0.0,17.54,70.16,4553.0,6672.3,32.7,28.1,9.91,4.15,0.0,0.5,0.2,0.0,2;42,0
2026-08-06T17:29:43Z,128.17,ensayo_01_kinova,Linea_Base_WiFi6,101.38,81.1,0.0,20.28,81.1,7666.3,5310.3,29.5,26.7,3.36,0.25,0.0,0.5,0.2,0.0,2;42,0
2026-08-06T17:29:45Z,129.91,ensayo_01_kinova,Linea_Base_WiFi6,113.13,90.5,0.0,22.63,90.5,6218.5,8262.0,38.4,33.8,7.02,1.39,0.0,0.5,0.2,0.0,2;42,0
2026-08-06T17:29:46Z,131.66,ensayo_01_kinova,Linea_Base_WiFi6,50.21,40.17,0.0,10.04,40.17,2885.3,3541.7,22.9,21.2,5.01,0.4,0.0,0.5,0.2,0.0,2;42,0
2026-08-06T17:29:48Z,133.4,ensayo_01_kinova,Linea_Base_WiFi6,78.74,62.99,0.0,15.75,62.99,4445.0,5634.3,31.5,28.7,6.15,0.98,0.0,0.5,0.2,0.0,2;42,0
2026-08-06T17:29:50Z,135.15,ensayo_01_kinova,Linea_Base_WiFi6,92.48,73.98,0.0,18.5,73.98,4569.7,7267.8,30.4,25.8,5.15,1.47,0.0,0.5,0.2,0.0,2;42,0
2026-08-06T17:29:52Z,136.9,ensayo_01_kinova,Linea_Base_WiFi6,80.8,64.64,0.0,16.16,64.64,4635.5,5707.1,33.7,29.7,2.79,0.51,0.0,0.5,0.2,0.0,2;42,0
2026-08-06T17:29:53Z,138.64,ensayo_01_kinova,Linea_Base_WiFi6,93.08,74.46,0.0,18.62,74.46,4412.4,7502.2,32.2,27.6,5.21,1.42,0.0,0.5,0.2,0.0,2;42,0
2026-08-06T17:29:55Z,140.38,ensayo_01_kinova,Linea_Base_WiFi6,63.26,50.61,0.0,12.65,50.61,3921.3,4176.3,30.4,25.2,2.89,0.11,0.0,0.5,0.2,0.0,2;42,0
2026-08-06T17:29:57Z,142.12,ensayo_01_kinova,Linea_Base_WiFi6,96.05,76.84,0.0,19.21,76.84,4810.8,7484.0,34.5,28.7,7.18,1.99,0.0,0.5,0.2,0.0,2;42,0
2026-08-06T17:29:59Z,143.87,ensayo_01_kinova,Linea_Base_WiFi6,81.05,64.84,0.0,16.21,64.84,4667.2,5707.0,34.4,29.8,11.4,7.41,0.0,0.5,0.2,0.0,2;42,0
2026-08-06T17:30:00Z,145.62,ensayo_01_kinova,Linea_Base_WiFi6,48.37,38.7,0.0,9.67,38.7,2820.8,3370.8,22.2,18.8,25.08,3.79,0.0,0.5,0.2,0.0,2;42,0
2026-08-06T17:30:02Z,147.38,ensayo_01_kinova,Linea_Base_WiFi6,104.15,83.32,0.0,20.83,83.32,5217.2,8114.1,37.0,32.4,37.48,0.0,50.0,0.5,0.2,0.0,2;42,0
2026-08-06T17:30:04Z,149.22,ensayo_01_kinova,Linea_Base_WiFi6,64.94,51.95,0.0,12.99,51.95,3700.2,4612.5,26.1,22.9,10.63,7.46,0.0,0.5,0.2,0.0,2;42,0
2026-08-06T17:30:06Z,150.96,ensayo_01_kinova,Linea_Base_WiFi6,106.96,85.57,0.0,21.39,85.57,5503.0,8188.0,40.7,32.7,7.82,2.73,0.0,0.5,0.2,0.0,2;42,0
2026-08-06T17:30:07Z,152.71,ensayo_01_kinova,Linea_Base_WiFi6,65.62,52.5,0.0,13.12,52.5,3556.6,4842.8,26.4,22.4,22.62,17.73,0.0,0.5,0.2,0.0,2;42,0
2026-08-06T17:30:09Z,154.45,ensayo_01_kinova,Linea_Base_WiFi6,107.76,86.21,0.0,21.55,86.21,5511.0,8282.0,40.7,34.4,4.47,1.46,0.0,0.5,0.2,0.0,2;42,0
2026-08-06T17:30:11Z,156.2,ensayo_01_kinova,Linea_Base_WiFi6,49.73,39.78,0.0,9.95,39.78,3113.6,3252.2,22.9,17.8,8.05,3.48,0.0,0.5,0.2,0.0,2;42,0
2026-08-06T17:30:13Z,157.95,ensayo_01_kinova,Linea_Base_WiFi6,104.85,83.88,0.0,20.97,83.88,5295.5,8125.4,37.1,32.0,5.87,0.38,0.0,0.5,0.2,0.0,2;42,0
2026-08-06T17:30:14Z,159.69,ensayo_01_kinova,Linea_Base_WiFi6,51.92,41.54,0.0,10.38,41.54,3110.9,3534.7,27.0,21.2,3.49,0.41,0.0,0.5,0.2,0.0,2;42,0
2026-08-06T17:30:16Z,161.43,ensayo_01_kinova,Linea_Base_WiFi6,81.85,65.48,0.0,16.37,65.48,4752.2,5724.3,36.2,29.9,6.16,0.85,0.0,0.5,0.2,0.0,2;42,0
2026-08-06T17:30:18Z,163.18,ensayo_01_kinova,Linea_Base_WiFi6,90.84,72.67,0.0,18.17,72.67,4369.4,7257.8,28.1,25.2,5.77,2.55,0.0,0.5,0.2,0.0,2;42,0
2026-08-06T17:30:20Z,164.92,ensayo_01_kinova,Linea_Base_WiFi6,80.29,64.23,0.0,16.06,64.23,4603.6,5672.9,33.3,29.3,6.37,0.45,0.0,0.5,0.2,0.0,2;42,0
2026-08-06T17:30:21Z,166.67,ensayo_01_kinova,Linea_Base_WiFi6,93.34,74.67,0.0,18.67,74.67,4484.0,7463.4,33.8,27.5,4.21,0.7,0.0,0.5,0.2,0.0,2;42,0
2026-08-06T17:30:23Z,168.41,ensayo_01_kinova,Linea_Base_WiFi6,66.93,53.54,0.0,13.39,53.54,4101.3,4465.4,32.7,29.3,5.12,1.68,0.0,0.5,0.2,0.0,2;42,0
2026-08-06T17:30:25Z,170.15,ensayo_01_kinova,Linea_Base_WiFi6,92.9,74.32,0.0,18.58,74.32,4565.9,7324.9,30.4,26.3,5.23,0.88,0.0,0.5,0.2,0.0,2;42,0
2026-08-06T17:30:27Z,171.9,ensayo_01_kinova,Linea_Base_WiFi6,80.26,64.21,0.0,16.05,64.21,4558.4,5715.3,32.6,29.8,5.79,2.19,0.0,0.5,0.2,0.0,2;42,0
2026-08-06T17:30:28Z,173.65,ensayo_01_kinova,Linea_Base_WiFi6,50.59,40.47,0.0,10.12,40.47,2922.4,3552.9,23.5,21.2,4.43,0.33,0.0,0.5,0.2,0.0,2;42,0
2026-08-06T17:30:30Z,175.39,ensayo_01_kinova,Linea_Base_WiFi6,107.74,86.19,0.0,21.55,86.19,5348.2,8442.2,38.4,37.3,4.08,0.23,0.0,0.5,0.2,0.0,2;42,0
2026-08-06T17:30:32Z,177.13,ensayo_01_kinova,Linea_Base_WiFi6,127.65,102.12,0.0,25.53,102.12,11373.6,4965.6,32.8,25.3,3.26,0.03,0.0,0.5,0.2,0.0,2;42,0
2026-08-06T17:30:34Z,178.87,ensayo_01_kinova,Linea_Base_WiFi6,106.87,85.5,0.0,21.37,85.5,5476.6,8202.8,40.1,32.7,4.29,0.64,0.0,0.5,0.2,0.0,2;42,0
2026-08-06T17:30:35Z,180.62,ensayo_01_kinova,Linea_Base_WiFi6,66.43,53.14,0.0,13.29,53.14,3587.9,4915.5,26.9,23.5,6.23,0.29,0.0,0.5,0.2,0.0,2;42,0
2026-08-06T17:30:37Z,182.37,ensayo_01_kinova,Linea_Base_WiFi6,88.85,71.08,0.0,17.77,71.08,4614.1,6758.7,33.7,29.7,3.67,0.24,0.0,0.5,0.2,0.0,2;42,0
2026-08-06T17:30:39Z,184.11,ensayo_01_kinova,Linea_Base_WiFi6,67.08,53.66,0.0,13.42,53.66,3830.2,4756.0,26.4,21.8,4.1,0.71,0.0,0.5,0.2,0.0,2;42,0
2026-08-06T17:30:41Z,185.86,ensayo_01_kinova,Linea_Base_WiFi6,106.91,85.53,0.0,21.38,85.53,5537.2,8147.9,40.7,31.0,8.67,3.46,0.0,0.5,0.2,0.0,2;42,0
2026-08-06T17:30:42Z,187.6,ensayo_01_kinova,Linea_Base_WiFi6,50.81,40.65,0.0,10.16,40.65,2966.5,3537.6,24.6,21.2,13.33,8.27,0.0,0.5,0.2,0.0,2;42,0
2026-08-06T17:30:44Z,189.34,ensayo_01_kinova,Linea_Base_WiFi6,120.97,96.78,0.0,24.19,96.78,9562.0,5921.7,35.0,31.0,48.66,45.16,0.0,0.5,0.2,0.0,2;42,0
2026-08-06T17:30:46Z,191.18,ensayo_01_kinova,Linea_Base_WiFi6,91.02,72.82,0.0,18.2,72.82,4505.8,7145.2,31.0,25.0,3.12,0.0,50.0,0.5,0.2,0.0,2;42,0
2026-08-06T17:30:48Z,193.02,ensayo_01_kinova,Linea_Base_WiFi6,77.72,62.18,0.0,15.54,62.18,4501.4,5447.2,34.3,28.3,3.65,0.04,0.0,0.5,0.2,0.0,2;42,0
2026-08-06T17:30:49Z,194.76,ensayo_01_kinova,Linea_Base_WiFi6,95.6,76.48,0.0,19.12,76.48,4692.0,7544.4,37.3,28.7,8.58,1.46,0.0,0.5,0.2,0.0,2;42,0
2026-08-06T17:30:51Z,196.51,ensayo_01_kinova,Linea_Base_WiFi6,80.47,64.38,0.0,16.09,64.38,4634.6,5665.3,34.3,29.2,3.92,0.37,0.0,0.5,0.2,0.0,2;42,0
2026-08-06T17:30:53Z,198.25,ensayo_01_kinova,Linea_Base_WiFi6,21.4,17.12,0.0,4.28,17.12,1394.2,1344.9,10.9,11.5,4.21,0.72,0.0,0.5,0.2,0.0,2;42,0
2026-08-06T17:30:55Z,199.99,ensayo_01_kinova,Linea_Base_WiFi6,134.82,107.86,0.0,26.96,107.86,7088.8,10168.6,50.0,39.7,4.14,0.8,0.0,0.5,0.2,0.0,2;42,0
2026-08-06T17:30:56Z,201.74,ensayo_01_kinova,Linea_Base_WiFi6,52.13,41.7,0.0,10.43,41.7,3091.1,3580.9,26.4,21.8,6.62,1.76,0.0,0.5,0.2,0.0,2;42,0
2026-08-06T17:30:58Z,203.49,ensayo_01_kinova,Linea_Base_WiFi6,105.64,84.51,0.0,21.13,84.51,5338.1,8183.5,38.3,32.0,4.0,0.88,0.0,0.5,0.2,0.0,2;42,0
2026-08-06T17:31:00Z,205.23,ensayo_01_kinova,Linea_Base_WiFi6,68.44,54.75,0.0,13.69,54.75,3880.3,4880.5,26.4,23.6,7.83,2.64,0.0,0.5,0.2,0.0,2;42,0
2026-08-06T17:31:02Z,206.98,ensayo_01_kinova,Linea_Base_WiFi6,152.89,122.31,0.0,30.58,122.31,7719.4,11850.0,40.0,37.7,5.92,1.27,0.0,0.5,0.2,0.0,2;42,0
2026-08-06T17:31:03Z,208.72,ensayo_01_kinova,Linea_Base_WiFi6,92.37,73.9,0.0,18.47,73.9,6397.4,5425.8,35.5,26.9,7.62,1.2,0.0,0.5,0.2,0.0,2;42,0
2026-08-06T17:31:05Z,210.47,ensayo_01_kinova,Linea_Base_WiFi6,106.03,84.82,0.0,21.21,84.82,5390.0,8181.8,38.4,32.7,12.73,1.37,0.0,0.5,0.2,0.0,2;42,0
2026-08-06T17:31:07Z,212.22,ensayo_01_kinova,Linea_Base_WiFi6,50.23,40.18,0.0,10.05,40.18,3110.0,3319.5,22.8,18.8,7.5,2.39,0.0,0.5,0.2,0.0,2;42,0
2026-08-06T17:31:09Z,213.97,ensayo_01_kinova,Linea_Base_WiFi6,105.91,84.73,0.0,21.18,84.73,5400.2,8156.4,38.9,32.0,6.08,0.53,0.0,0.5,0.2,0.0,2;42,0
2026-08-06T17:31:10Z,215.71,ensayo_01_kinova,Linea_Base_WiFi6,49.49,39.59,0.0,9.9,39.59,2929.0,3406.3,24.1,18.9,27.3,22.0,0.0,0.5,0.2,0.0,2;42,0
2026-08-06T17:31:12Z,217.45,ensayo_01_kinova,Linea_Base_WiFi6,81.88,65.5,0.0,16.38,65.5,4749.7,5731.6,36.2,29.9,3.69,0.0,0.0,0.5,0.2,0.0,2;42,0
2026-08-06T17:31:14Z,219.2,ensayo_01_kinova,Linea_Base_WiFi6,92.8,74.24,0.0,18.56,74.24,4523.7,7354.2,30.9,26.9,7.01,1.4,0.0,0.5,0.2,0.0,2;42,0
2026-08-06T17:31:16Z,220.94,ensayo_01_kinova,Linea_Base_WiFi6,79.4,63.52,0.0,15.88,63.52,4624.1,5539.5,34.4,27.0,3.78,0.06,0.0,0.5,0.2,0.0,2;42,0
2026-08-06T17:31:17Z,222.68,ensayo_01_kinova,Linea_Base_WiFi6,94.92,75.94,0.0,18.98,75.94,4569.6,7580.2,35.0,28.7,4.22,0.9,0.0,0.5,0.2,0.0,2;42,0
2026-08-06T17:31:19Z,224.42,ensayo_01_kinova,Linea_Base_WiFi6,64.1,51.28,0.0,12.82,51.28,3934.4,4270.2,30.4,26.4,4.72,0.74,0.0,0.5,0.2,0.0,2;42,0
2026-08-06T17:31:21Z,226.17,ensayo_01_kinova,Linea_Base_WiFi6,92.67,74.14,0.0,18.53,74.14,4604.7,7257.5,31.5,25.2,4.47,1.09,0.0,0.5,0.2,0.0,2;42,0
2026-08-06T17:31:23Z,227.91,ensayo_01_kinova,Linea_Base_WiFi6,78.45,62.76,0.0,15.69,62.76,4498.7,5542.9,32.1,26.9,6.54,0.74,0.0,0.5,0.2,0.0,2;42,0
2026-08-06T17:31:24Z,229.66,ensayo_01_kinova,Linea_Base_WiFi6,51.13,40.9,0.0,10.23,40.9,2983.1,3560.9,24.6,21.8,4.93,0.85,0.0,0.5,0.2,0.0,2;42,0
2026-08-06T17:31:26Z,231.4,ensayo_01_kinova,Linea_Base_WiFi6,106.42,85.14,0.0,21.28,85.14,5342.3,8279.5,38.4,33.9,5.87,2.37,0.0,0.5,0.2,0.0,2;42,0
2026-08-06T17:31:28Z,233.15,ensayo_01_kinova,Linea_Base_WiFi6,67.3,53.84,0.0,13.46,53.84,3824.8,4789.1,26.4,22.4,5.09,1.07,0.0,0.5,0.2,0.0,2;42,0
2026-08-06T17:31:30Z,234.89,ensayo_01_kinova,Linea_Base_WiFi6,105.96,84.77,0.0,21.19,84.77,5362.4,8200.2,37.8,32.7,5.25,1.75,0.0,0.5,0.2,0.0,2;42,0
2026-08-06T17:31:31Z,236.63,ensayo_01_kinova,Linea_Base_WiFi6,65.57,52.46,0.0,13.11,52.46,3530.7,4861.8,25.8,22.4,5.62,1.0,0.0,0.5,0.2,0.0,2;42,0
2026-08-06T17:31:33Z,238.38,ensayo_01_kinova,Linea_Base_WiFi6,86.78,69.42,0.0,17.36,69.42,4549.5,6558.1,33.8,29.2,6.5,3.43,0.0,0.5,0.2,0.0,2;42,0
2026-08-06T17:31:35Z,240.12,ensayo_01_kinova,Linea_Base_WiFi6,138.88,111.1,0.0,27.78,111.1,8910.4,8866.2,33.9,33.9,3.8,0.41,0.0,0.5,0.2,0.0,2;42,0
2026-08-06T17:31:37Z,241.86,ensayo_01_kinova,Linea_Base_WiFi6,112.79,90.23,0.0,22.56,90.23,6165.4,8271.4,37.3,32.7,6.67,1.41,0.0,0.5,0.2,0.0,2;42,0
2026-08-06T17:31:38Z,243.6,ensayo_01_kinova,Linea_Base_WiFi6,1152.9,922.32,0.0,230.58,922.32,135896.8,11674.4,122.2,107.9,3.13,0.13,0.0,0.5,0.2,0.0,2;42,0
2026-08-06T17:31:40Z,245.34,ensayo_01_kinova,Linea_Base_WiFi6,626.12,500.9,0.0,125.22,500.9,72812.1,7331.8,70.6,65.5,3.65,0.44,0.0,0.5,0.2,0.0,2;42,0
2026-08-06T17:31:42Z,247.08,ensayo_01_kinova,Linea_Base_WiFi6,100.85,80.68,0.0,20.17,80.68,5056.2,7852.1,35.0,28.7,4.96,0.2,0.0,0.5,0.2,0.0,2;42,0
2026-08-06T17:31:43Z,248.83,ensayo_01_kinova,Linea_Base_WiFi6,122.67,98.14,0.0,24.53,98.14,8722.9,6979.2,39.6,35.5,4.01,0.49,0.0,0.5,0.2,0.0,2;42,0
2026-08-06T17:31:45Z,250.57,ensayo_01_kinova,Linea_Base_WiFi6,100.62,80.5,0.0,20.12,80.5,5344.6,7534.3,34.4,28.1,3.58,0.19,0.0,0.5,0.2,0.0,2;42,0
2026-08-06T17:31:47Z,252.32,ensayo_01_kinova,Linea_Base_WiFi6,62.87,50.3,0.0,12.57,50.3,4330.3,3716.9,27.5,22.9,3.35,0.1,0.0,0.5,0.2,0.0,2;42,0
2026-08-06T17:31:49Z,254.06,ensayo_01_kinova,Linea_Base_WiFi6,103.2,82.56,0.0,20.64,82.56,5197.9,8011.1,37.3,31.6,8.24,0.81,0.0,0.5,0.2,0.0,2;42,0
2026-08-06T17:31:50Z,255.8,ensayo_01_kinova,Linea_Base_WiFi6,77.6,62.08,0.0,15.52,62.08,4409.4,5523.3,30.4,26.9,4.78,0.1,0.0,0.5,0.2,0.0,2;42,0
2026-08-06T17:31:52Z,257.55,ensayo_01_kinova,Linea_Base_WiFi6,49.57,39.66,0.0,9.91,39.66,2864.9,3480.2,22.4,20.1,4.07,0.21,0.0,0.5,0.2,0.0,2;42,0
2026-08-06T17:31:54Z,259.29,ensayo_01_kinova,Linea_Base_WiFi6,96.7,77.36,0.0,19.34,77.36,4822.7,7554.8,33.8,28.1,4.51,0.74,0.0,0.5,0.2,0.0,2;42,0
2026-08-06T17:31:56Z,261.03,ensayo_01_kinova,Linea_Base_WiFi6,75.48,60.38,0.0,15.1,60.38,4318.1,5343.9,31.0,25.8,8.06,3.54,0.0,0.5,0.2,0.0,2;42,0
2026-08-06T17:31:57Z,262.78,ensayo_01_kinova,Linea_Base_WiFi6,108.34,86.67,0.0,21.67,86.67,5524.4,8343.7,40.2,34.4,7.59,0.72,0.0,0.5,0.2,0.0,2;42,0
2026-08-06T17:31:59Z,264.52,ensayo_01_kinova,Linea_Base_WiFi6,114.68,91.74,0.0,22.94,91.74,6980.9,7697.8,31.5,29.8,11.21,0.44,0.0,0.5,0.2,0.0,2;42,0
2026-08-06T17:32:01Z,266.28,ensayo_01_kinova,Linea_Base_WiFi6,93.85,75.08,0.0,18.77,75.08,4664.8,7347.4,30.6,25.5,7.64,1.12,0.0,0.5,0.2,0.0,2;42,0
2026-08-06T17:32:03Z,268.03,ensayo_01_kinova,Linea_Base_WiFi6,77.77,62.22,0.0,15.55,62.22,4494.6,5459.5,33.8,27.5,3.39,0.1,0.0,0.5,0.2,0.0,2;42,0
2026-08-06T17:32:04Z,269.77,ensayo_01_kinova,Linea_Base_WiFi6,107.53,86.02,0.0,21.51,86.02,5602.8,8160.8,42.5,32.1,3.48,0.09,0.0,0.5,0.2,0.0,2;42,0
2026-08-06T17:32:06Z,271.51,ensayo_01_kinova,Linea_Base_WiFi6,50.35,40.28,0.0,10.07,40.28,2965.2,3480.0,24.7,20.1,4.17,0.37,0.0,0.5,0.2,0.0,2;42,0
2026-08-06T17:32:08Z,273.25,ensayo_01_kinova,Linea_Base_WiFi6,69.25,55.4,0.0,13.85,55.4,3940.2,4923.2,27.0,22.4,5.34,1.14,0.0,0.5,0.2,0.0,2;42,0
2026-08-06T17:32:10Z,275.0,ensayo_01_kinova,Linea_Base_WiFi6,102.72,82.18,0.0,20.54,82.18,5180.6,7967.7,36.7,31.0,3.73,0.42,0.0,0.5,0.2,0.0,2;42,0
2026-08-06T17:32:11Z,276.74,ensayo_01_kinova,Linea_Base_WiFi6,74.66,59.73,0.0,14.93,59.73,4358.2,5197.8,29.2,25.8,3.81,0.63,0.0,0.5,0.2,0.0,2;42,0
2026-08-06T17:32:13Z,278.48,ensayo_01_kinova,Linea_Base_WiFi6,97.98,78.38,0.0,19.6,78.38,4562.4,7979.0,35.0,31.0,4.08,0.47,0.0,0.5,0.2,0.0,2;42,0
2026-08-06T17:32:15Z,280.23,ensayo_01_kinova,Linea_Base_WiFi6,26.6,21.28,0.0,5.32,21.28,1754.0,1650.2,14.3,14.3,366.92,59.4,0.0,0.5,0.2,0.0,2;42,0
2026-08-06T17:32:17Z,282.39,ensayo_01_kinova,Linea_Base_WiFi6,63.39,50.71,0.0,12.68,50.71,3668.7,4445.5,27.2,23.1,364.01,16.48,0.0,0.5,0.2,0.0,2;42,0
2026-08-06T17:32:19Z,284.51,ensayo_01_kinova,Linea_Base_WiFi6,96.02,76.82,0.0,19.2,76.82,4919.5,7370.7,36.7,32.5,3.36,0.19,0.0,0.5,0.2,0.0,2;42,0
2026-08-06T17:32:21Z,286.26,ensayo_01_kinova,Linea_Base_WiFi6,67.05,53.64,0.0,13.41,53.64,3713.1,4869.9,25.3,24.1,3.72,0.04,0.0,0.5,0.2,0.0,2;42,0
2026-08-06T17:32:23Z,288.0,ensayo_01_kinova,Linea_Base_WiFi6,108.12,86.5,0.0,21.62,86.5,5488.1,8351.0,40.2,35.0,6.31,1.21,0.0,0.5,0.2,0.0,2;42,0
2026-08-06T17:32:24Z,289.74,ensayo_01_kinova,Linea_Base_WiFi6,77.08,61.66,0.0,15.42,61.66,4424.2,5442.3,32.7,27.5,8.41,4.87,0.0,0.5,0.2,0.0,2;42,0
2026-08-06T17:32:26Z,291.49,ensayo_01_kinova,Linea_Base_WiFi6,98.54,78.83,0.0,19.71,78.83,4782.2,7830.4,36.5,31.4,6.0,0.91,0.0,0.5,0.2,0.0,2;42,0
2026-08-06T17:32:28Z,293.24,ensayo_01_kinova,Linea_Base_WiFi6,50.6,40.48,0.0,10.12,40.48,3103.0,3373.9,22.4,19.5,5.4,0.18,0.0,0.5,0.2,0.0,2;42,0
2026-08-06T17:32:30Z,294.98,ensayo_01_kinova,Linea_Base_WiFi6,110.21,88.17,0.0,22.04,88.17,5841.0,8266.2,46.4,33.8,5.04,1.83,0.0,0.5,0.2,0.0,2;42,0
2026-08-06T17:32:31Z,296.72,ensayo_01_kinova,Linea_Base_WiFi6,74.86,59.89,0.0,14.97,59.89,4303.8,5278.3,31.0,24.7,5.9,1.19,0.0,0.5,0.2,0.0,2;42,0
2026-08-06T17:32:33Z,298.47,ensayo_01_kinova,Linea_Base_WiFi6,56.95,45.56,0.0,11.39,45.56,3332.9,3956.2,28.6,25.8,6.16,1.16,0.0,0.5,0.2,0.0,2;42,0
2026-08-06T17:32:35Z,300.21,ensayo_01_kinova,Linea_Base_WiFi6,93.52,74.82,0.0,18.7,74.82,4653.1,7317.5,33.3,26.4,5.02,1.45,0.0,0.5,0.2,0.0,2;42,0
2026-08-06T17:32:37Z,301.95,ensayo_01_kinova,Linea_Base_WiFi6,80.64,64.51,0.0,16.13,64.51,4703.7,5618.8,35.6,28.1,5.13,1.28,0.0,0.5,0.2,0.0,2;42,0
2026-08-06T17:32:38Z,303.69,ensayo_01_kinova,Linea_Base_WiFi6,103.59,82.87,0.0,20.72,82.87,5288.5,7971.2,39.6,31.0,4.02,0.19,0.0,0.5,0.2,0.0,2;42,0
2026-08-06T17:32:40Z,305.44,ensayo_01_kinova,Linea_Base_WiFi6,73.71,58.97,0.0,14.74,58.97,4220.3,5214.0,34.4,25.2,4.46,1.32,0.0,0.5,0.2,0.0,2;42,0
2026-08-06T17:32:42Z,307.18,ensayo_01_kinova,Linea_Base_WiFi6,75.93,60.74,0.0,15.19,60.74,3847.0,5871.5,27.0,22.9,3.32,0.04,0.0,0.5,0.2,0.0,2;42,0
2026-08-06T17:32:44Z,308.92,ensayo_01_kinova,Linea_Base_WiFi6,116.47,93.18,0.0,23.29,93.18,8589.6,6318.8,39.6,34.4,8.67,5.45,0.0,0.5,0.2,0.0,2;42,0
2026-08-06T17:32:45Z,310.66,ensayo_01_kinova,Linea_Base_WiFi6,48.29,38.63,0.0,9.66,38.63,2772.1,3408.6,20.7,19.0,3.92,0.32,0.0,0.5,0.2,0.0,2;42,0
2026-08-06T17:32:47Z,312.41,ensayo_01_kinova,Linea_Base_WiFi6,95.52,76.42,0.0,19.1,76.42,4753.4,7473.5,32.6,26.9,3.22,0.0,0.0,0.5,0.2,0.0,2;42,0
2026-08-06T17:32:49Z,314.15,ensayo_01_kinova,Linea_Base_WiFi6,79.72,63.78,0.0,15.94,63.78,4529.1,5674.6,34.5,31.0,6.22,0.84,0.0,0.5,0.2,0.0,2;42,0
2026-08-06T17:32:51Z,315.9,ensayo_01_kinova,Linea_Base_WiFi6,104.97,83.98,0.0,20.99,83.98,5325.9,8109.6,37.8,31.5,4.22,0.35,0.0,0.5,0.2,0.0,2;42,0
2026-08-06T17:32:52Z,317.64,ensayo_01_kinova,Linea_Base_WiFi6,67.66,54.13,0.0,13.53,54.13,3723.0,4937.4,29.3,23.5,3.83,0.16,0.0,0.5,0.2,0.0,2;42,0
2026-08-06T17:32:54Z,319.38,ensayo_01_kinova,Linea_Base_WiFi6,98.22,78.58,0.0,19.64,78.58,5002.9,7569.7,36.1,28.1,4.3,0.1,0.0,0.5,0.2,0.0,2;42,0
2026-08-06T17:32:56Z,321.12,ensayo_01_kinova,Linea_Base_WiFi6,58.3,46.64,0.0,11.66,46.64,3533.9,3928.0,25.8,23.0,3.5,0.1,0.0,0.5,0.2,0.0,2;42,0
2026-08-06T17:32:58Z,322.86,ensayo_01_kinova,Linea_Base_WiFi6,107.41,85.93,0.0,21.48,85.93,5505.5,8242.5,40.2,32.8,3.64,0.74,0.0,0.5,0.2,0.0,2;42,0
2026-08-06T17:32:59Z,324.61,ensayo_01_kinova,Linea_Base_WiFi6,52.13,41.7,0.0,10.43,41.7,3020.5,3651.9,25.2,22.9,3.85,0.03,0.0,0.5,0.2,0.0,2;42,0
2026-08-06T17:33:01Z,326.35,ensayo_01_kinova,Linea_Base_WiFi6,70.05,56.04,0.0,14.01,56.04,4031.1,4934.9,27.5,23.0,8.95,4.76,0.0,0.5,0.2,0.0,2;42,0
2026-08-06T17:33:03Z,328.09,ensayo_01_kinova,Linea_Base_WiFi6,101.91,81.53,0.0,20.38,81.53,5067.2,7977.6,36.1,31.0,3.64,0.57,0.0,0.5,0.2,0.0,2;42,0
2026-08-06T17:33:05Z,329.84,ensayo_01_kinova,Linea_Base_WiFi6,81.19,64.95,0.0,16.24,64.95,4685.8,5706.1,35.0,29.8,4.48,0.87,0.0,0.5,0.2,0.0,2;42,0
2026-08-06T17:33:06Z,331.58,ensayo_01_kinova,Linea_Base_WiFi6,91.46,73.17,0.0,18.29,73.17,4301.1,7405.7,30.4,26.4,4.22,0.67,0.0,0.5,0.2,0.0,2;42,0
2026-08-06T17:33:08Z,333.32,ensayo_01_kinova,Linea_Base_WiFi6,54.95,43.96,0.0,10.99,43.96,3390.1,3643.7,25.2,21.8,3.7,0.05,0.0,0.5,0.2,0.0,2;42,0
2026-08-06T17:33:10Z,335.07,ensayo_01_kinova,Linea_Base_WiFi6,101.66,81.33,0.0,20.33,81.33,5084.1,7928.5,35.0,30.4,4.25,0.02,0.0,0.5,0.2,0.0,2;42,0
2026-08-06T17:33:11Z,336.81,ensayo_01_kinova,Linea_Base_WiFi6,77.2,61.76,0.0,15.44,61.76,4382.7,5498.7,29.8,26.4,4.38,0.13,0.0,0.5,0.2,0.0,2;42,0
2026-08-06T17:33:13Z,338.55,ensayo_01_kinova,Linea_Base_WiFi6,51.19,40.95,0.0,10.24,40.95,2961.2,3591.2,24.1,21.8,3.66,0.45,0.0,0.5,0.2,0.0,2;42,0
2026-08-06T17:33:15Z,340.3,ensayo_01_kinova,Linea_Base_WiFi6,69.61,55.69,0.0,13.92,55.69,3262.0,5648.2,23.5,21.8,5.26,1.61,0.0,0.5,0.2,0.0,2;42,0
2026-08-06T17:33:17Z,342.04,ensayo_01_kinova,Linea_Base_WiFi6,20.89,16.71,0.0,4.18,16.71,1180.2,1494.1,11.5,12.6,4.79,0.24,0.0,0.5,0.2,0.0,2;42,0
2026-08-06T17:33:18Z,343.79,ensayo_01_kinova,Linea_Base_WiFi6,29.63,23.7,0.0,5.93,23.7,1725.9,2066.7,18.4,19.5,7.39,1.57,0.0,0.5,0.2,0.0,2;42,0
2026-08-06T17:33:20Z,345.53,ensayo_01_kinova,Linea_Base_WiFi6,21.5,17.2,0.0,4.3,17.2,1224.0,1527.6,12.1,13.2,4.8,1.58,0.0,0.5,0.2,0.0,2;42,0
2026-08-06T17:33:22Z,347.27,ensayo_01_kinova,Linea_Base_WiFi6,16.53,13.22,0.0,3.31,13.22,979.5,1136.7,9.7,10.3,5.52,0.34,0.0,0.5,0.2,0.0,2;42,0
2026-08-06T17:33:24Z,349.01,ensayo_01_kinova,Linea_Base_WiFi6,23.17,18.54,0.0,4.63,18.54,1328.2,1638.1,13.8,14.9,6.14,1.36,0.0,0.5,0.2,0.0,2;42,0
2026-08-06T17:33:25Z,350.76,ensayo_01_kinova,Linea_Base_WiFi6,24.73,19.78,0.0,4.95,19.78,1438.0,1727.8,13.7,14.3,4.07,0.42,0.0,0.5,0.2,0.0,2;42,0
2026-08-06T17:33:27Z,352.5,ensayo_01_kinova,Linea_Base_WiFi6,27.01,21.61,0.0,5.4,21.61,1684.6,1773.0,17.8,16.7,23.09,2.25,0.0,0.5,0.2,0.0,2;42,0
2026-08-06T17:33:29Z,354.26,ensayo_01_kinova,Linea_Base_WiFi6,20.92,16.74,0.0,4.18,16.74,1291.1,1386.4,15.3,14.2,31.43,1.66,0.0,0.5,0.2,0.0,2;42,0
2026-08-06T17:33:31Z,356.03,ensayo_01_kinova,Linea_Base_WiFi6,182.35,145.88,0.0,36.47,145.88,17209.2,6131.9,29.9,27.7,51.53,9.51,0.0,0.5,0.2,0.0,2;42,0
2026-08-06T17:33:32Z,357.81,ensayo_01_kinova,Linea_Base_WiFi6,1575.78,1260.62,0.0,315.16,1260.62,192293.8,9406.5,139.5,116.4,4.52,1.21,0.0,0.5,0.2,0.0,2;42,0
2026-08-06T17:33:34Z,359.56,ensayo_01_kinova,Linea_Base_WiFi6,23.11,18.49,0.0,4.62,18.49,1328.3,1629.4,13.8,14.9,8.47,5.18,0.0,0.5,0.2,0.0,2;42,0
2026-08-06T17:33:36Z,361.3,ensayo_01_kinova,Linea_Base_WiFi6,15.36,12.29,0.0,3.07,12.29,904.8,1062.0,8.6,9.2,4.08,0.83,0.0,0.5,0.2,0.0,2;42,0
2026-08-06T17:33:38Z,363.04,ensayo_01_kinova,Linea_Base_WiFi6,22.68,18.14,0.0,4.54,18.14,1290.1,1613.2,13.2,14.3,8.3,2.36,0.0,0.5,0.2,0.0,2;42,0
2026-08-06T17:33:39Z,364.79,ensayo_01_kinova,Linea_Base_WiFi6,29.41,23.53,0.0,5.88,23.53,1752.0,2012.8,17.7,17.7,4.07,0.56,0.0,0.5,0.2,0.0,2;42,0
2026-08-06T17:33:41Z,366.53,ensayo_01_kinova,Linea_Base_WiFi6,21.84,17.47,0.0,4.37,17.47,1299.4,1496.8,13.8,12.6,8.26,0.71,0.0,0.5,0.2,0.0,2;42,0
2026-08-06T17:33:43Z,368.28,ensayo_01_kinova,Linea_Base_WiFi6,19.2,15.36,0.0,3.84,15.36,1025.9,1431.8,10.9,10.3,6.11,1.14,0.0,0.5,0.2,0.0,2;42,0
2026-08-06T17:33:45Z,370.02,ensayo_01_kinova,Linea_Base_WiFi6,120.58,96.46,0.0,24.12,96.46,11271.8,4162.3,29.8,27.5,4.76,1.1,0.0,0.5,0.2,0.0,2;42,0
2026-08-06T17:33:46Z,371.77,ensayo_01_kinova,Linea_Base_WiFi6,25.84,20.67,0.0,5.17,20.67,1579.0,1728.0,16.6,14.3,3.38,0.19,0.0,0.5,0.2,0.0,2;42,0
2026-08-06T17:33:48Z,373.51,ensayo_01_kinova,Linea_Base_WiFi6,101.79,81.43,0.0,20.36,81.43,10997.5,2031.3,23.5,20.7,5.48,1.45,0.0,0.5,0.2,0.0,2;42,0
2026-08-06T17:33:50Z,375.25,ensayo_01_kinova,Linea_Base_WiFi6,17.39,13.91,0.0,3.48,13.91,1100.2,1125.5,12.1,10.3,10.26,6.96,0.0,0.5,0.2,0.0,2;42,0
2026-08-06T17:33:52Z,376.99,ensayo_01_kinova,Linea_Base_WiFi6,23.06,18.45,0.0,4.61,18.45,1377.2,1574.9,14.9,13.8,4.05,0.86,0.0,0.5,0.2,0.0,2;42,0
2026-08-06T17:33:53Z,378.73,ensayo_01_kinova,Linea_Base_WiFi6,25.89,20.71,0.0,5.18,20.71,1503.0,1810.8,14.9,15.5,47.68,44.11,0.0,0.5,0.2,0.0,2;42,0
2026-08-06T17:33:55Z,380.47,ensayo_01_kinova,Linea_Base_WiFi6,13.12,10.5,0.0,2.62,10.5,787.2,891.8,8.6,8.6,51.51,48.08,0.0,0.5,0.2,0.0,2;42,0
2026-08-06T17:33:57Z,382.31,ensayo_01_kinova,Linea_Base_WiFi6,25.96,20.77,0.0,5.19,20.77,1524.0,1799.3,15.2,15.8,4.63,0.41,0.0,0.5,0.2,0.0,2;42,0
2026-08-06T17:33:59Z,384.05,ensayo_01_kinova,Linea_Base_WiFi6,24.91,19.93,0.0,4.98,19.93,1436.0,1752.1,15.5,16.6,4.01,0.51,0.0,0.5,0.2,0.0,2;42,0
2026-08-06T17:34:00Z,385.8,ensayo_01_kinova,Linea_Base_WiFi6,27.43,21.94,0.0,5.49,21.94,1574.6,1937.1,14.9,17.2,25.13,4.11,0.0,0.5,0.2,0.0,2;42,0
2026-08-06T17:34:02Z,387.56,ensayo_01_kinova,Linea_Base_WiFi6,85.47,68.38,0.0,17.09,68.38,5446.5,5493.7,19.3,19.3,3.3,0.08,0.0,0.5,0.2,0.0,2;42,0
2026-08-06T17:34:04Z,389.3,ensayo_01_kinova,Linea_Base_WiFi6,19.65,15.72,0.0,3.93,15.72,1158.9,1356.0,12.6,13.8,4.87,1.47,0.0,0.5,0.2,0.0,2;42,0
2026-08-06T17:34:06Z,391.04,ensayo_01_kinova,Linea_Base_WiFi6,20.92,16.74,0.0,4.18,16.74,1181.5,1495.8,11.5,12.6,3.12,0.07,0.0,0.5,0.2,0.0,2;42,0
2026-08-06T17:34:07Z,392.78,ensayo_01_kinova,Linea_Base_WiFi6,27.43,21.94,0.0,5.49,21.94,1664.6,1846.7,17.8,16.1,4.25,0.16,0.0,0.5,0.2,0.0,2;42,0
2026-08-06T17:34:09Z,394.52,ensayo_01_kinova,Linea_Base_WiFi6,40.39,32.31,0.0,8.08,32.31,2162.0,3008.3,19.5,17.2,3.95,0.63,0.0,0.5,0.2,0.0,2;42,0
2026-08-06T17:34:11Z,396.26,ensayo_01_kinova,Linea_Base_WiFi6,51.05,40.84,0.0,10.21,40.84,2432.0,4101.9,18.4,16.7,3.83,0.28,0.0,0.5,0.2,0.0,2;42,0
2026-08-06T17:34:13Z,398.0,ensayo_01_kinova,Linea_Base_WiFi6,22.55,18.04,0.0,4.51,18.04,1308.7,1577.2,13.8,13.8,5.94,0.44,0.0,0.5,0.2,0.0,2;42,0
2026-08-06T17:34:14Z,399.75,ensayo_01_kinova,Linea_Base_WiFi6,28.22,22.58,0.0,5.64,22.58,1667.4,1944.5,17.2,17.8,8.63,5.01,0.0,0.5,0.2,0.0,2;42,0
2026-08-06T17:34:16Z,401.5,ensayo_01_kinova,Linea_Base_WiFi6,11.47,9.18,0.0,2.29,9.18,643.6,824.0,6.3,7.4,4.15,0.27,0.0,0.5,0.2,0.0,2;42,0
2026-08-06T17:34:18Z,403.24,ensayo_01_kinova,Linea_Base_WiFi6,29.02,23.22,0.0,5.8,23.22,1716.3,1998.3,18.4,18.4,4.59,0.58,0.0,0.5,0.2,0.0,2;42,0
2026-08-06T17:34:20Z,404.98,ensayo_01_kinova,Linea_Base_WiFi6,23.63,18.9,0.0,4.73,18.9,1392.7,1632.4,15.0,15.0,3.69,0.08,0.0,0.5,0.2,0.0,2;42,0
2026-08-06T17:34:21Z,406.72,ensayo_01_kinova,Linea_Base_WiFi6,25.21,20.17,0.0,5.04,20.17,1495.6,1731.1,14.9,14.4,3.96,0.75,0.0,0.5,0.2,0.0,2;42,0
2026-08-06T17:34:23Z,408.46,ensayo_01_kinova,Linea_Base_WiFi6,14.75,11.8,0.0,2.95,11.8,902.9,984.5,10.9,9.8,4.13,0.21,0.0,0.5,0.2,0.0,2;42,0
2026-08-06T17:34:25Z,410.2,ensayo_01_kinova,Linea_Base_WiFi6,26.34,21.07,0.0,5.27,21.07,1579.2,1792.8,16.1,15.5,4.12,0.69,0.0,0.5,0.2,0.0,2;42,0
2026-08-06T17:34:27Z,411.94,ensayo_01_kinova,Linea_Base_WiFi6,21.66,17.33,0.0,4.33,17.33,1271.8,1500.5,13.2,12.6,6.78,0.33,0.0,0.5,0.2,0.0,2;42,0
2026-08-06T17:34:28Z,413.69,ensayo_01_kinova,Linea_Base_WiFi6,29.36,23.49,0.0,5.87,23.49,1799.1,1958.5,20.1,17.8,6.03,0.82,0.0,0.5,0.2,0.0,2;42,0
2026-08-06T17:34:30Z,415.43,ensayo_01_kinova,Linea_Base_WiFi6,15.1,12.08,0.0,3.02,12.08,929.4,1002.8,10.9,10.3,4.23,0.88,0.0,0.5,0.2,0.0,2;42,0
2026-08-06T17:34:32Z,417.17,ensayo_01_kinova,Linea_Base_WiFi6,25.92,20.74,0.0,5.18,20.74,1587.4,1729.7,16.6,14.3,3.33,0.39,0.0,0.5,0.2,0.0,2;42,0
2026-08-06T17:34:34Z,418.92,ensayo_01_kinova,Linea_Base_WiFi6,27.28,21.82,0.0,5.46,21.82,1646.2,1846.0,19.5,18.4,4.88,0.23,0.0,0.5,0.2,0.0,2;42,0
2026-08-06T17:34:35Z,420.66,ensayo_01_kinova,Linea_Base_WiFi6,25.69,20.55,0.0,5.14,20.55,1557.7,1731.1,16.1,14.3,4.16,0.75,0.0,0.5,0.2,0.0,2;42,0
2026-08-06T17:34:37Z,422.4,ensayo_01_kinova,Linea_Base_WiFi6,11.98,9.58,0.0,2.4,9.58,703.3,829.6,7.5,7.5,4.81,1.32,0.0,0.5,0.2,0.0,2;42,0
2026-08-06T17:34:39Z,424.14,ensayo_01_kinova,Linea_Base_WiFi6,29.24,23.39,0.0,5.85,23.39,1715.4,2027.3,18.3,18.9,5.85,2.88,0.0,0.5,0.2,0.0,2;42,0
2026-08-06T17:34:41Z,425.88,ensayo_01_kinova,Linea_Base_WiFi6,23.39,18.71,0.0,4.68,18.71,1239.5,1754.4,12.6,14.9,4.77,1.03,0.0,0.5,0.2,0.0,2;42,0
2026-08-06T17:34:42Z,427.62,ensayo_01_kinova,Linea_Base_WiFi6,69.62,55.7,0.0,13.92,55.7,4236.2,4675.1,20.7,21.9,8.88,3.69,0.0,0.5,0.2,0.0,2;42,0
2026-08-06T17:34:44Z,429.37,ensayo_01_kinova,Linea_Base_WiFi6,1279.28,1023.42,0.0,255.86,1023.42,156490.2,7257.9,102.3,95.4,4.21,0.71,0.0,0.5,0.2,0.0,2;42,0
2026-08-06T17:34:46Z,431.11,ensayo_01_kinova,Linea_Base_WiFi6,25.85,20.68,0.0,5.17,20.68,1540.4,1768.8,15.5,14.9,5.36,0.15,0.0,0.5,0.2,0.0,2;42,0
2026-08-06T17:34:48Z,432.86,ensayo_01_kinova,Linea_Base_WiFi6,22.8,18.24,0.0,4.56,18.24,1344.4,1574.4,14.3,13.8,4.54,0.84,0.0,0.5,0.2,0.0,2;42,0
2026-08-06T17:34:49Z,434.6,ensayo_01_kinova,Linea_Base_WiFi6,30.32,24.26,0.0,6.06,24.26,1856.9,2023.5,20.7,19.0,5.4,0.8,0.0,0.5,0.2,0.0,2;42,0
2026-08-06T17:34:51Z,436.34,ensayo_01_kinova,Linea_Base_WiFi6,11.98,9.58,0.0,2.4,9.58,703.4,829.9,7.5,7.5,3.9,0.12,0.0,0.5,0.2,0.0,2;42,0
2026-08-06T17:34:53Z,438.08,ensayo_01_kinova,Linea_Base_WiFi6,26.94,21.55,0.0,5.39,21.55,1602.2,1846.3,16.7,16.1,5.01,0.37,0.0,0.5,0.2,0.0,2;42,0
2026-08-06T17:34:54Z,439.82,ensayo_01_kinova,Linea_Base_WiFi6,23.06,18.45,0.0,4.61,18.45,1352.7,1598.7,14.3,14.3,18.61,15.16,0.0,0.5,0.2,0.0,2;42,0
2026-08-06T17:34:56Z,441.56,ensayo_01_kinova,Linea_Base_WiFi6,25.98,20.78,0.0,5.2,20.78,1576.1,1749.7,16.1,14.4,4.39,0.1,0.0,0.5,0.2,0.0,2;42,0
2026-08-06T17:34:58Z,443.3,ensayo_01_kinova,Linea_Base_WiFi6,14.47,11.58,0.0,2.89,11.58,830.8,1020.8,9.2,10.3,4.59,1.01,0.0,0.5,0.2,0.0,2;42,0
2026-08-06T17:35:00Z,445.05,ensayo_01_kinova,Linea_Base_WiFi6,101.94,81.55,0.0,20.39,81.55,5940.6,7107.4,28.1,28.7,4.79,1.68,0.0,0.5,0.2,0.0,2;42,0
2026-08-06T17:35:01Z,446.79,ensayo_01_kinova,Linea_Base_WiFi6,21.39,17.11,0.0,4.28,17.11,1239.1,1498.9,12.6,12.6,4.1,0.65,0.0,0.5,0.2,0.0,2;42,0
2026-08-06T17:35:03Z,448.53,ensayo_01_kinova,Linea_Base_WiFi6,19.16,15.33,0.0,3.83,15.33,1166.6,1286.0,13.2,12.6,7.33,3.47,0.0,0.5,0.2,0.0,2;42,0
2026-08-06T17:35:05Z,450.28,ensayo_01_kinova,Linea_Base_WiFi6,22.0,17.6,0.0,4.4,17.6,1262.2,1554.0,12.6,13.7,4.11,0.42,0.0,0.5,0.2,0.0,2;42,0
2026-08-06T17:35:07Z,452.02,ensayo_01_kinova,Linea_Base_WiFi6,24.77,19.82,0.0,4.95,19.82,1440.3,1730.9,13.8,14.4,10.04,2.32,0.0,0.5,0.2,0.0,2;42,0
2026-08-06T17:35:08Z,453.76,ensayo_01_kinova,Linea_Base_WiFi6,23.86,19.09,0.0,4.77,19.09,1404.2,1649.5,15.5,14.9,10.19,5.26,0.0,0.5,0.2,0.0,2;42,0
2026-08-06T17:35:10Z,455.51,ensayo_01_kinova,Linea_Base_WiFi6,72.03,57.62,0.0,14.41,57.62,3557.0,5663.2,28.1,22.4,3.89,0.32,0.0,0.5,0.2,0.0,2;42,0
2026-08-06T17:35:12Z,457.25,ensayo_01_kinova,Linea_Base_WiFi6,20.91,16.73,0.0,4.18,16.73,1181.1,1495.3,11.5,12.6,5.89,0.99,0.0,0.5,0.2,0.0,2;42,0
2026-08-06T17:35:14Z,458.99,ensayo_01_kinova,Linea_Base_WiFi6,28.2,22.56,0.0,5.64,22.56,1662.1,1948.1,17.2,17.8,10.36,6.57,0.0,0.5,0.2,0.0,2;42,0
2026-08-06T17:35:15Z,460.74,ensayo_01_kinova,Linea_Base_WiFi6,23.29,18.63,0.0,4.66,18.63,1333.2,1647.6,13.8,14.9,3.92,0.15,0.0,0.5,0.2,0.0,2;42,0
2026-08-06T17:35:17Z,462.48,ensayo_01_kinova,Linea_Base_WiFi6,15.38,12.3,0.0,3.08,12.3,905.8,1063.2,8.6,9.2,13.45,4.89,0.0,0.5,0.2,0.0,2;42,0
2026-08-06T17:35:19Z,464.22,ensayo_01_kinova,Linea_Base_WiFi6,26.28,21.02,0.0,5.26,21.02,1508.0,1855.2,16.6,18.3,4.12,0.37,0.0,0.5,0.2,0.0,2;42,0
2026-08-06T17:35:21Z,465.96,ensayo_01_kinova,Linea_Base_WiFi6,24.76,19.81,0.0,4.95,19.81,1439.6,1730.1,13.8,14.4,4.6,1.23,0.0,0.5,0.2,0.0,2;42,0
2026-08-06T17:35:22Z,467.71,ensayo_01_kinova,Linea_Base_WiFi6,22.08,17.66,0.0,4.42,17.66,1256.3,1570.4,12.6,13.8,4.65,0.31,0.0,0.5,0.2,0.0,2;42,0
2026-08-06T17:35:24Z,469.45,ensayo_01_kinova,Linea_Base_WiFi6,18.02,14.42,0.0,3.6,14.42,1104.3,1201.8,12.0,11.5,3.98,0.5,0.0,0.5,0.2,0.0,2;42,0
2026-08-06T17:35:26Z,471.2,ensayo_01_kinova,Linea_Base_WiFi6,21.44,17.15,0.0,4.29,17.15,1246.1,1498.6,12.6,12.6,3.89,0.61,0.0,0.5,0.2,0.0,2;42,0
2026-08-06T17:35:28Z,472.94,ensayo_01_kinova,Linea_Base_WiFi6,28.6,22.88,0.0,5.72,22.88,1739.3,1921.3,18.9,17.2,39.19,10.9,0.0,0.5,0.2,0.0,2;42,0
2026-08-06T17:35:29Z,474.7,ensayo_01_kinova,Linea_Base_WiFi6,28.54,22.83,0.0,5.71,22.83,1892.2,1760.4,19.2,16.4,3.79,0.26,0.0,0.5,0.2,0.0,2;42,0
2026-08-06T17:35:31Z,476.45,ensayo_01_kinova,Linea_Base_WiFi6,16.64,13.31,0.0,3.33,13.31,1022.6,1107.6,10.9,9.8,40.19,5.54,0.0,0.5,0.2,0.0,2;42,0
2026-08-06T17:35:33Z,478.23,ensayo_01_kinova,Linea_Base_WiFi6,79.22,63.38,0.0,15.84,63.38,8542.8,1596.8,17.9,14.0,17.73,14.19,0.0,0.5,0.2,0.0,2;42,0
2026-08-06T17:35:35Z,480.0,ensayo_01_kinova,Linea_Base_WiFi6,27.89,22.31,0.0,5.58,22.31,1721.2,1848.3,18.6,16.4,6.04,0.7,0.0,0.5,0.2,0.0,2;42,0
2026-08-06T17:35:36Z,481.74,ensayo_01_kinova,Linea_Base_WiFi6,21.75,17.4,0.0,4.35,17.4,1262.3,1521.7,13.2,13.2,16.53,6.72,0.0,0.5,0.2,0.0,2;42,0
2026-08-06T17:35:38Z,483.49,ensayo_01_kinova,Linea_Base_WiFi6,17.61,14.09,0.0,3.52,14.09,1040.1,1214.1,10.9,11.4,7.49,1.4,0.0,0.5,0.2,0.0,2;42,0
2026-08-06T17:35:40Z,485.23,ensayo_01_kinova,Linea_Base_WiFi6,24.78,19.82,0.0,4.96,19.82,1424.9,1746.7,14.3,15.5,4.04,0.57,0.0,0.5,0.2,0.0,2;42,0
2026-08-06T17:35:42Z,486.97,ensayo_01_kinova,Linea_Base_WiFi6,24.77,19.82,0.0,4.95,19.82,1440.0,1730.5,13.8,14.4,4.45,0.92,0.0,0.5,0.2,0.0,2;42,0
2026-08-06T17:35:43Z,488.72,ensayo_01_kinova,Linea_Base_WiFi6,24.95,19.96,0.0,4.99,19.96,1282.6,1910.4,13.2,14.3,7.56,0.25,0.0,0.5,0.2,0.0,2;42,0
2026-08-06T17:35:45Z,490.46,ensayo_01_kinova,Linea_Base_WiFi6,50.29,40.23,0.0,10.06,40.23,4932.9,1503.9,15.4,16.0,6.04,2.81,0.0,0.5,0.2,0.0,2;42,0
2026-08-06T17:35:47Z,492.2,ensayo_01_kinova,Linea_Base_WiFi6,20.99,16.79,0.0,4.2,16.79,1185.5,1500.6,11.5,12.6,5.02,0.17,0.0,0.5,0.2,0.0,2;42,0
2026-08-06T17:35:49Z,493.95,ensayo_01_kinova,Linea_Base_WiFi6,29.89,23.91,0.0,5.98,23.91,1770.1,2056.1,19.0,19.5,3.48,0.15,0.0,0.5,0.2,0.0,2;42,0
2026-08-06T17:35:50Z,495.69,ensayo_01_kinova,Linea_Base_WiFi6,20.96,16.77,0.0,4.19,16.77,1183.8,1498.6,11.5,12.6,8.47,0.56,0.0,0.5,0.2,0.0,2;42,0
2026-08-06T17:35:52Z,497.44,ensayo_01_kinova,Linea_Base_WiFi6,15.24,12.19,0.0,3.05,12.19,897.3,1053.3,8.5,9.1,4.7,0.61,0.0,0.5,0.2,0.0,2;42,0
2026-08-06T17:35:54Z,499.18,ensayo_01_kinova,Linea_Base_WiFi6,24.61,19.69,0.0,4.92,19.69,1435.5,1714.4,15.5,16.1,4.01,0.41,0.0,0.5,0.2,0.0,2;42,0
2026-08-06T17:35:56Z,500.93,ensayo_01_kinova,Linea_Base_WiFi6,25.75,20.6,0.0,5.15,20.6,1527.2,1768.8,15.5,14.9,34.32,30.86,0.0,0.5,0.2,0.0,2;42,0
2026-08-06T17:35:57Z,502.73,ensayo_01_kinova,Linea_Base_WiFi6,20.73,16.58,0.0,4.15,16.58,1189.9,1464.2,11.7,12.2,5.04,0.0,50.0,0.5,0.2,0.0,2;42,0
2026-08-06T17:35:59Z,504.56,ensayo_01_kinova,Linea_Base_WiFi6,20.64,16.51,0.0,4.13,16.51,1248.8,1393.7,14.2,14.7,3.98,0.48,0.0,0.5,0.2,0.0,2;42,0
2026-08-06T17:36:01Z,506.3,ensayo_01_kinova,Linea_Base_WiFi6,22.16,17.73,0.0,4.43,17.73,1260.5,1575.4,12.6,13.8,12.44,2.04,0.0,0.5,0.2,0.0,2;42,0
2026-08-06T17:36:03Z,508.06,ensayo_01_kinova,Linea_Base_WiFi6,25.83,20.66,0.0,5.17,20.66,1547.1,1758.8,16.0,14.8,6.97,0.03,0.0,0.5,0.2,0.0,2;42,0
2026-08-06T17:36:04Z,509.8,ensayo_01_kinova,Linea_Base_WiFi6,26.14,20.91,0.0,5.23,20.91,1643.2,1703.4,19.5,16.1,3.68,0.33,0.0,0.5,0.2,0.0,2;42,0
2026-08-06T17:36:06Z,511.54,ensayo_01_kinova,Linea_Base_WiFi6,15.38,12.3,0.0,3.08,12.3,905.6,1063.1,8.6,9.2,5.49,0.75,0.0,0.5,0.2,0.0,2;42,0
2026-08-06T17:36:08Z,513.29,ensayo_01_kinova,Linea_Base_WiFi6,23.92,19.14,0.0,4.78,19.14,1428.0,1633.7,16.0,14.9,4.23,0.98,0.0,0.5,0.2,0.0,2;42,0
2026-08-06T17:36:10Z,515.03,ensayo_01_kinova,Linea_Base_WiFi6,79.47,63.58,0.0,15.89,63.58,3862.8,6309.8,29.9,27.0,3.89,0.06,0.0,0.5,0.2,0.0,2;42,0
2026-08-06T17:36:11Z,516.77,ensayo_01_kinova,Linea_Base_WiFi6,24.65,19.72,0.0,4.93,19.72,1432.1,1722.9,16.1,16.7,3.13,0.0,0.0,0.5,0.2,0.0,2;42,0
2026-08-06T17:36:13Z,518.51,ensayo_01_kinova,Linea_Base_WiFi6,18.07,14.46,0.0,3.61,14.46,1108.8,1204.1,12.6,11.5,6.29,2.89,0.0,0.5,0.2,0.0,2;42,0
2026-08-06T17:36:15Z,520.25,ensayo_01_kinova,Linea_Base_WiFi6,24.85,19.88,0.0,4.97,19.88,1467.7,1712.5,16.1,16.1,4.07,0.01,0.0,0.5,0.2,0.0,2;42,0
2026-08-06T17:36:17Z,521.99,ensayo_01_kinova,Linea_Base_WiFi6,27.4,21.92,0.0,5.48,21.92,1675.3,1831.6,18.4,16.1,9.07,5.95,0.0,0.5,0.2,0.0,2;42,0
2026-08-06T17:36:18Z,523.74,ensayo_01_kinova,Linea_Base_WiFi6,23.35,18.68,0.0,4.67,18.68,1384.8,1604.5,15.4,14.3,4.9,1.11,0.0,0.5,0.2,0.0,2;42,0
2026-08-06T17:36:20Z,525.48,ensayo_01_kinova,Linea_Base_WiFi6,19.3,15.44,0.0,3.86,15.44,1194.8,1275.1,13.2,12.6,3.84,1.46,0.0,0.5,0.2,0.0,2;42,0
2026-08-06T17:36:22Z,527.23,ensayo_01_kinova,Linea_Base_WiFi6,21.36,17.09,0.0,4.27,17.09,1237.4,1496.8,12.6,12.6,3.13,0.2,0.0,0.5,0.2,0.0,2;42,0
2026-08-06T17:36:24Z,528.97,ensayo_01_kinova,Linea_Base_WiFi6,30.28,24.22,0.0,6.06,24.22,1865.4,2010.2,21.3,19.0,4.77,0.9,0.0,0.5,0.2,0.0,2;42,0
2026-08-06T17:36:25Z,530.71,ensayo_01_kinova,Linea_Base_WiFi6,21.39,17.11,0.0,4.28,17.11,1239.1,1498.5,12.6,12.6,4.34,0.49,0.0,0.5,0.2,0.0,2;42,0
2026-08-06T17:36:27Z,532.45,ensayo_01_kinova,Linea_Base_WiFi6,16.3,13.04,0.0,3.26,13.04,1023.1,1063.3,10.9,9.2,4.02,0.76,0.0,0.5,0.2,0.0,2;42,0
2026-08-06T17:36:29Z,534.19,ensayo_01_kinova,Linea_Base_WiFi6,26.32,21.06,0.0,5.26,21.06,1538.0,1831.3,17.3,17.8,4.2,0.52,0.0,0.5,0.2,0.0,2;42,0
2026-08-06T17:36:31Z,535.93,ensayo_01_kinova,Linea_Base_WiFi6,26.85,21.48,0.0,5.37,21.48,1554.1,1882.6,15.5,16.7,6.57,3.09,0.0,0.5,0.2,0.0,2;42,0
2026-08-06T17:36:32Z,537.68,ensayo_01_kinova,Linea_Base_WiFi6,22.17,17.74,0.0,4.43,17.74,1264.2,1573.1,13.2,13.7,4.21,0.04,0.0,0.5,0.2,0.0,2;42,0
2026-08-06T17:36:34Z,539.42,ensayo_01_kinova,Linea_Base_WiFi6,23.65,18.92,0.0,4.73,18.92,1478.3,1549.0,16.1,16.1,3.98,0.48,0.0,0.5,0.2,0.0,2;42,0
2026-08-06T17:36:36Z,541.16,ensayo_01_kinova,Linea_Base_WiFi6,21.76,17.41,0.0,4.35,17.41,1241.2,1543.8,12.7,13.2,4.42,0.23,0.0,0.5,0.2,0.0,2;42,0
2026-08-06T17:36:38Z,542.9,ensayo_01_kinova,Linea_Base_WiFi6,26.43,21.14,0.0,5.29,21.14,1504.9,1878.0,14.9,16.7,5.94,2.25,0.0,0.5,0.2,0.0,2;42,0
2026-08-06T17:36:39Z,544.64,ensayo_01_kinova,Linea_Base_WiFi6,16.65,13.32,0.0,3.33,13.32,998.6,1132.6,10.9,11.5,4.12,0.99,0.0,0.5,0.2,0.0,2;42,0
2026-08-06T17:36:41Z,546.38,ensayo_01_kinova,Linea_Base_WiFi6,24.8,19.84,0.0,4.96,19.84,1442.0,1732.8,13.8,14.4,4.24,0.55,0.0,0.5,0.2,0.0,2;42,0
2026-08-06T17:36:43Z,548.12,ensayo_01_kinova,Linea_Base_WiFi6,24.75,19.8,0.0,4.95,19.8,1296.7,1871.6,13.2,13.8,5.07,0.74,0.0,0.5,0.2,0.0,2;42,0
2026-08-06T17:36:45Z,549.86,ensayo_01_kinova,Linea_Base_WiFi6,59.67,47.74,0.0,11.93,47.74,5569.6,2067.7,21.2,19.5,13.36,1.61,0.0,0.5,0.2,0.0,2;42,0
2026-08-06T17:36:46Z,551.61,ensayo_01_kinova,Linea_Base_WiFi6,12.23,9.78,0.0,2.45,9.78,701.0,864.6,7.4,8.0,4.27,0.37,0.0,0.5,0.2,0.0,2;42,0
2026-08-06T17:36:48Z,553.35,ensayo_01_kinova,Linea_Base_WiFi6,26.38,21.1,0.0,5.28,21.1,1534.2,1841.9,15.5,16.1,3.54,0.54,0.0,0.5,0.2,0.0,2;42,0
2026-08-06T17:36:50Z,555.09,ensayo_01_kinova,Linea_Base_WiFi6,24.48,19.58,0.0,4.9,19.58,1420.4,1713.5,14.9,16.1,4.19,0.22,0.0,0.5,0.2,0.0,2;42,0
2026-08-06T17:36:51Z,556.83,ensayo_01_kinova,Linea_Base_WiFi6,24.79,19.83,0.0,4.96,19.83,1441.4,1732.3,13.8,14.4,3.76,0.49,0.0,0.5,0.2,0.0,2;42,0
2026-08-06T17:36:53Z,558.57,ensayo_01_kinova,Linea_Base_WiFi6,13.85,11.08,0.0,2.77,11.08,786.8,985.8,8.6,9.8,6.41,0.61,0.0,0.5,0.2,0.0,2;42,0
2026-08-06T17:36:55Z,560.31,ensayo_01_kinova,Linea_Base_WiFi6,27.06,21.65,0.0,5.41,21.65,1671.5,1792.0,16.6,15.5,3.25,0.01,0.0,0.5,0.2,0.0,2;42,0
2026-08-06T17:36:57Z,562.05,ensayo_01_kinova,Linea_Base_WiFi6,117.54,94.03,0.0,23.51,94.03,5762.6,9282.7,38.5,32.7,7.03,2.29,0.0,0.5,0.2,0.0,2;42,0
2026-08-06T17:36:58Z,563.8,ensayo_01_kinova,Linea_Base_WiFi6,118.97,95.18,0.0,23.79,95.18,6411.1,8817.5,48.0,38.9,7.17,3.41,0.0,0.5,0.2,0.0,2;42,0
2026-08-06T17:37:00Z,565.54,ensayo_01_kinova,Linea_Base_WiFi6,124.4,99.52,0.0,24.88,99.52,7625.6,8297.4,34.5,25.3,4.0,0.71,0.0,0.5,0.2,0.0,2;42,0
2026-08-06T17:37:02Z,567.29,ensayo_01_kinova,Linea_Base_WiFi6,88.94,71.15,0.0,17.79,71.15,4663.0,6721.8,34.9,29.2,3.46,0.11,0.0,0.5,0.2,0.0,2;42,0
2026-08-06T17:37:04Z,569.03,ensayo_01_kinova,Linea_Base_WiFi6,78.99,63.19,0.0,15.8,63.19,4512.5,5598.4,33.9,30.4,7.27,2.29,0.0,0.5,0.2,0.0,2;42,0
2026-08-06T17:37:05Z,570.77,ensayo_01_kinova,Linea_Base_WiFi6,103.3,82.64,0.0,20.66,82.64,5186.7,8035.6,35.0,30.4,7.08,3.85,0.0,0.5,0.2,0.0,2;42,0
2026-08-06T17:37:07Z,572.51,ensayo_01_kinova,Linea_Base_WiFi6,39.79,31.83,0.0,7.96,31.83,2366.8,2726.9,18.4,13.8,6.66,1.93,0.0,0.5,0.2,0.0,2;42,0
2026-08-06T17:37:09Z,574.25,ensayo_01_kinova,Linea_Base_WiFi6,107.72,86.18,0.0,21.54,86.18,5465.2,8323.6,40.2,35.0,3.75,0.3,0.0,0.5,0.2,0.0,2;42,0
2026-08-06T17:37:11Z,575.99,ensayo_01_kinova,Linea_Base_WiFi6,74.98,59.98,0.0,15.0,59.98,4236.0,5361.7,29.3,26.4,3.79,0.01,0.0,0.5,0.2,0.0,2;42,0
2026-08-06T17:37:12Z,577.73,ensayo_01_kinova,Linea_Base_WiFi6,71.3,57.04,0.0,14.26,57.04,3986.1,5140.6,31.0,25.3,3.25,0.14,0.0,0.5,0.2,0.0,2;42,0
2026-08-06T17:37:14Z,579.47,ensayo_01_kinova,Linea_Base_WiFi6,93.09,74.47,0.0,18.62,74.47,4604.0,7311.1,31.6,26.4,3.48,0.21,0.0,0.5,0.2,0.0,2;42,0
2026-08-06T17:37:16Z,581.21,ensayo_01_kinova,Linea_Base_WiFi6,65.35,52.28,0.0,13.07,52.28,4061.7,4303.7,32.8,27.0,8.12,4.77,0.0,0.5,0.2,0.0,2;42,0
2026-08-06T17:37:18Z,582.95,ensayo_01_kinova,Linea_Base_WiFi6,100.12,80.1,0.0,20.02,80.1,4989.4,7825.6,33.9,28.7,3.63,0.06,0.0,0.5,0.2,0.0,2;42,0
2026-08-06T17:37:19Z,584.69,ensayo_01_kinova,Linea_Base_WiFi6,57.13,45.7,0.0,11.43,45.7,3400.0,3912.3,29.3,25.3,4.9,1.69,0.0,0.5,0.2,0.0,2;42,0
2026-08-06T17:37:21Z,586.44,ensayo_01_kinova,Linea_Base_WiFi6,90.83,72.66,0.0,18.17,72.66,4461.1,7164.6,29.2,24.1,4.44,1.16,0.0,0.5,0.2,0.0,2;42,0
2026-08-06T17:37:23Z,588.18,ensayo_01_kinova,Linea_Base_WiFi6,78.99,63.19,0.0,15.8,63.19,4542.9,5567.3,33.3,27.6,5.09,0.01,0.0,0.5,0.2,0.0,2;42,0
2026-08-06T17:37:25Z,589.92,ensayo_01_kinova,Linea_Base_WiFi6,105.3,84.24,0.0,21.06,84.24,5367.2,8111.0,40.1,33.8,4.65,0.71,0.0,0.5,0.2,0.0,2;42,0
2026-08-06T17:37:26Z,591.66,ensayo_01_kinova,Linea_Base_WiFi6,60.63,48.5,0.0,12.13,48.5,3293.1,4467.1,23.5,20.1,4.76,1.71,0.0,0.5,0.2,0.0,2;42,0
2026-08-06T17:37:28Z,593.41,ensayo_01_kinova,Linea_Base_WiFi6,59.61,47.69,0.0,11.92,47.69,3643.1,3986.4,28.1,24.1,4.55,0.28,0.0,0.5,0.2,0.0,2;42,0
2026-08-06T17:37:30Z,595.15,ensayo_01_kinova,Linea_Base_WiFi6,111.37,89.1,0.0,22.27,89.1,5786.6,8469.3,44.8,37.3,4.83,1.61,0.0,0.5,0.2,0.0,2;42,0
2026-08-06T17:37:32Z,596.9,ensayo_01_kinova,Linea_Base_WiFi6,74.68,59.74,0.0,14.94,59.74,4277.8,5280.8,30.4,25.2,6.54,0.16,0.0,0.5,0.2,0.0,2;42,0
2026-08-06T17:37:33Z,598.64,ensayo_01_kinova,Linea_Base_WiFi6,70.83,56.66,0.0,14.17,56.66,3458.4,5607.5,26.9,21.2,4.26,0.93,0.0,0.5,0.2,0.0,2;42,0
2026-08-06T17:37:35Z,600.38,ensayo_01_kinova,Linea_Base_WiFi6,76.44,61.15,0.0,15.29,61.15,4350.3,5434.4,31.6,27.6,4.54,1.21,0.0,0.5,0.2,0.0,2;42,0
2026-08-06T17:37:37Z,602.12,ensayo_01_kinova,Linea_Base_WiFi6,105.49,84.39,0.0,21.1,84.39,5397.9,8104.9,39.0,31.5,3.66,0.32,0.0,0.5,0.2,0.0,2;42,0
2026-08-06T17:37:39Z,603.86,ensayo_01_kinova,Linea_Base_WiFi6,78.12,62.5,0.0,15.62,62.5,4454.8,5544.9,32.7,29.3,3.69,0.46,0.0,0.5,0.2,0.0,2;42,0
2026-08-06T17:37:40Z,605.61,ensayo_01_kinova,Linea_Base_WiFi6,63.58,50.86,0.0,12.72,50.86,3611.8,4527.1,27.5,20.1,3.42,0.44,0.0,0.5,0.2,0.0,2;42,0
2026-08-06T17:37:42Z,607.35,ensayo_01_kinova,Linea_Base_WiFi6,86.5,69.2,0.0,17.3,69.2,4410.5,6661.8,32.8,29.3,8.83,1.3,0.0,0.5,0.2,0.0,2;42,0
2026-08-06T17:37:44Z,609.09,ensayo_01_kinova,Linea_Base_WiFi6,161.68,129.34,0.0,32.34,129.34,11544.6,9150.1,49.2,40.6,4.06,0.73,0.0,0.5,0.2,0.0,2;42,0
2026-08-06T17:37:46Z,610.84,ensayo_01_kinova,Linea_Base_WiFi6,1736.17,1388.94,0.0,347.23,1388.94,205847.1,16382.5,158.5,140.7,3.64,0.34,0.0,0.5,0.2,0.0,2;42,0
2026-08-06T17:37:47Z,612.58,ensayo_01_kinova,Linea_Base_WiFi6,59.81,47.85,0.0,11.96,47.85,3233.3,4422.6,22.9,18.9,3.03,0.14,0.0,0.5,0.2,0.0,2;42,0
2026-08-06T17:37:49Z,614.32,ensayo_01_kinova,Linea_Base_WiFi6,88.63,70.9,0.0,17.73,70.9,4594.2,6751.0,35.6,31.6,3.32,0.08,0.0,0.5,0.2,0.0,2;42,0
2026-08-06T17:37:51Z,616.07,ensayo_01_kinova,Linea_Base_WiFi6,82.22,65.78,0.0,16.44,65.78,4722.4,5802.3,35.5,31.5,3.91,0.58,0.0,0.5,0.2,0.0,2;42,0
2026-08-06T17:37:52Z,617.81,ensayo_01_kinova,Linea_Base_WiFi6,101.81,81.45,0.0,20.36,81.45,5076.9,7955.3,35.6,31.0,4.4,1.09,0.0,0.5,0.2,0.0,2;42,0
2026-08-06T17:37:54Z,619.55,ensayo_01_kinova,Linea_Base_WiFi6,46.21,36.97,0.0,9.24,36.97,2770.9,3144.6,23.0,18.4,6.52,0.67,0.0,0.5,0.2,0.0,2;42,0
2026-08-06T17:37:56Z,621.29,ensayo_01_kinova,Linea_Base_WiFi6,74.57,59.66,0.0,14.91,59.66,4183.0,5362.1,29.2,26.4,4.4,1.03,0.0,0.5,0.2,0.0,2;42,0
2026-08-06T17:37:58Z,623.04,ensayo_01_kinova,Linea_Base_WiFi6,105.45,84.36,0.0,21.09,84.36,5385.3,8112.6,38.4,31.0,9.24,4.32,0.0,0.5,0.2,0.0,2;42,0
2026-08-06T17:37:59Z,624.78,ensayo_01_kinova,Linea_Base_WiFi6,144.28,115.42,0.0,28.86,115.42,8707.1,9761.1,43.0,37.9,8.11,2.91,0.0,0.5,0.2,0.0,2;42,0
2026-08-06T17:38:01Z,626.53,ensayo_01_kinova,Linea_Base_WiFi6,17.91,14.33,0.0,3.58,14.33,1122.7,1169.5,11.4,10.8,15.97,6.9,0.0,0.5,0.2,0.0,2;42,0
2026-08-06T17:38:03Z,628.28,ensayo_01_kinova,Linea_Base_WiFi6,100.63,80.5,0.0,20.13,80.5,4919.7,7960.8,33.7,31.4,7.42,4.07,0.0,0.5,0.2,0.0,2;42,0
2026-08-06T17:38:05Z,630.02,ensayo_01_kinova,Linea_Base_WiFi6,84.39,67.51,0.0,16.88,67.51,4803.7,5998.4,36.8,35.0,5.88,1.04,0.0,0.5,0.2,0.0,2;42,0
2026-08-06T17:38:06Z,631.76,ensayo_01_kinova,Linea_Base_WiFi6,101.1,80.88,0.0,20.22,80.88,5024.2,7917.2,34.4,30.4,5.44,2.05,0.0,0.5,0.2,0.0,2;42,0
2026-08-06T17:38:08Z,633.51,ensayo_01_kinova,Linea_Base_WiFi6,61.83,49.46,0.0,12.37,49.46,3353.6,4561.1,24.7,21.2,7.94,0.5,0.0,0.5,0.2,0.0,2;42,0
2026-08-06T17:38:10Z,635.25,ensayo_01_kinova,Linea_Base_WiFi6,86.5,69.2,0.0,17.3,69.2,4476.2,6595.9,33.2,29.2,8.91,0.79,0.0,0.5,0.2,0.0,2;42,0
2026-08-06T17:38:12Z,637.0,ensayo_01_kinova,Linea_Base_WiFi6,79.27,63.42,0.0,15.85,63.42,4535.3,5610.9,32.6,28.6,2.94,0.35,0.0,0.5,0.2,0.0,2;42,0
2026-08-06T17:38:13Z,638.75,ensayo_01_kinova,Linea_Base_WiFi6,100.19,80.15,0.0,20.04,80.15,4957.1,7866.7,33.3,29.3,6.89,3.15,0.0,0.5,0.2,0.0,2;42,0
2026-08-06T17:38:15Z,640.49,ensayo_01_kinova,Linea_Base_WiFi6,46.84,37.47,0.0,9.37,37.47,2721.7,3273.2,21.8,20.6,9.65,2.8,0.0,0.5,0.2,0.0,2;42,0
2026-08-06T17:38:17Z,642.24,ensayo_01_kinova,Linea_Base_WiFi6,74.72,59.78,0.0,14.94,59.78,4207.1,5357.4,29.8,26.3,12.31,7.6,0.0,0.5,0.2,0.0,2;42,0
2026-08-06T17:38:19Z,644.0,ensayo_01_kinova,Linea_Base_WiFi6,106.68,85.34,0.0,21.34,85.34,5465.1,8190.3,40.4,33.6,3.97,0.17,0.0,0.5,0.2,0.0,2;42,0
2026-08-06T17:38:20Z,645.75,ensayo_01_kinova,Linea_Base_WiFi6,76.25,61.0,0.0,15.25,61.0,4326.6,5433.1,30.8,27.4,6.81,3.42,0.0,0.5,0.2,0.0,2;42,0
2026-08-06T17:38:22Z,647.51,ensayo_01_kinova,Linea_Base_WiFi6,84.84,67.87,0.0,16.97,67.87,3974.8,6884.4,27.2,22.7,4.43,0.8,0.0,0.5,0.2,0.0,2;42,0
2026-08-06T17:38:24Z,649.26,ensayo_01_kinova,Linea_Base_WiFi6,61.44,49.15,0.0,12.29,49.15,3753.2,4110.8,29.3,25.8,10.24,6.83,0.0,0.5,0.2,0.0,2;42,0
2026-08-06T17:38:26Z,651.01,ensayo_01_kinova,Linea_Base_WiFi6,104.56,83.65,0.0,20.91,83.65,5340.9,8043.0,38.2,30.8,4.04,0.06,0.0,0.5,0.2,0.0,2;42,0
2026-08-06T17:38:27Z,652.75,ensayo_01_kinova,Linea_Base_WiFi6,74.02,59.22,0.0,14.8,59.22,4159.9,5314.1,28.1,25.3,3.93,0.1,0.0,0.5,0.2,0.0,2;42,0
2026-08-06T17:38:29Z,654.49,ensayo_01_kinova,Linea_Base_WiFi6,47.8,38.24,0.0,9.56,38.24,2817.6,3301.2,23.0,20.7,4.22,0.12,0.0,0.5,0.2,0.0,2;42,0
2026-08-06T17:38:31Z,656.24,ensayo_01_kinova,Linea_Base_WiFi6,101.1,80.88,0.0,20.22,80.88,4949.1,7991.3,33.8,31.5,5.15,1.29,0.0,0.5,0.2,0.0,2;42,0
2026-08-06T17:38:33Z,657.98,ensayo_01_kinova,Linea_Base_WiFi6,83.57,66.86,0.0,16.71,66.86,4623.5,6073.2,33.9,28.7,11.16,6.75,0.0,0.5,0.2,0.0,2;42,0
2026-08-06T17:38:34Z,659.74,ensayo_01_kinova,Linea_Base_WiFi6,93.69,74.95,0.0,18.74,74.95,4640.5,7351.4,31.9,27.3,4.54,0.86,0.0,0.5,0.2,0.0,2;42,0
2026-08-06T17:38:36Z,661.48,ensayo_01_kinova,Linea_Base_WiFi6,70.78,56.62,0.0,14.16,56.62,3937.6,5122.7,30.9,24.6,5.46,0.71,0.0,0.5,0.2,0.0,2;42,0
2026-08-06T17:38:38Z,663.23,ensayo_01_kinova,Linea_Base_WiFi6,84.34,67.47,0.0,16.87,67.47,4347.0,6448.3,31.5,26.4,3.69,0.56,0.0,0.5,0.2,0.0,2;42,0
2026-08-06T17:38:40Z,664.97,ensayo_01_kinova,Linea_Base_WiFi6,85.39,68.31,0.0,17.08,68.31,5014.9,5914.8,39.1,31.6,7.5,1.65,0.0,0.5,0.2,0.0,2;42,0
2026-08-06T17:38:41Z,666.71,ensayo_01_kinova,Linea_Base_WiFi6,90.48,72.38,0.0,18.1,72.38,4438.3,7143.2,28.6,23.5,3.86,0.01,0.0,0.5,0.2,0.0,2;42,0
2026-08-06T17:38:43Z,668.45,ensayo_01_kinova,Linea_Base_WiFi6,87.47,69.98,0.0,17.49,69.98,6932.8,4262.9,27.6,25.8,4.16,0.65,0.0,0.5,0.2,0.0,2;42,0
2026-08-06T17:38:45Z,670.2,ensayo_01_kinova,Linea_Base_WiFi6,76.79,61.43,0.0,15.36,61.43,4387.5,5441.9,32.7,27.6,5.14,0.44,0.0,0.5,0.2,0.0,2;42,0
2026-08-06T17:38:47Z,671.94,ensayo_01_kinova,Linea_Base_WiFi6,106.4,85.12,0.0,21.28,85.12,5445.9,8173.4,39.6,32.1,8.53,4.99,0.0,0.5,0.2,0.0,2;42,0
2026-08-06T17:38:48Z,673.68,ensayo_01_kinova,Linea_Base_WiFi6,69.82,55.86,0.0,13.96,55.86,3965.9,4970.8,29.3,25.8,4.07,0.17,0.0,0.5,0.2,0.0,2;42,0
2026-08-06T17:38:50Z,675.42,ensayo_01_kinova,Linea_Base_WiFi6,100.08,80.06,0.0,20.02,80.06,4884.4,7926.2,37.9,32.7,4.36,0.25,0.0,0.5,0.2,0.0,2;42,0
2026-08-06T17:38:52Z,677.17,ensayo_01_kinova,Linea_Base_WiFi6,60.38,48.3,0.0,12.08,48.3,3709.4,4019.3,29.3,24.7,4.85,0.66,0.0,0.5,0.2,0.0,2;42,0
2026-08-06T17:38:54Z,678.91,ensayo_01_kinova,Linea_Base_WiFi6,105.82,84.66,0.0,21.16,84.66,5381.1,8164.3,38.4,32.1,4.7,0.4,0.0,0.5,0.2,0.0,2;42,0
2026-08-06T17:38:55Z,680.65,ensayo_01_kinova,Linea_Base_WiFi6,41.78,33.42,0.0,8.36,33.42,2446.2,2901.1,19.5,16.6,3.89,0.17,0.0,0.5,0.2,0.0,2;42,0
2026-08-06T17:38:57Z,682.4,ensayo_01_kinova,Linea_Base_WiFi6,79.45,63.56,0.0,15.89,63.56,4586.5,5583.6,33.3,27.5,4.68,0.85,0.0,0.5,0.2,0.0,2;42,0
2026-08-06T17:38:59Z,684.14,ensayo_01_kinova,Linea_Base_WiFi6,105.59,84.47,0.0,21.12,84.47,5262.3,8253.8,39.0,35.6,7.45,1.11,0.0,0.5,0.2,0.0,2;42,0
2026-08-06T17:39:01Z,685.88,ensayo_01_kinova,Linea_Base_WiFi6,55.21,44.17,0.0,11.04,44.17,3260.7,3805.6,27.5,23.5,5.17,0.53,0.0,0.5,0.2,0.0,2;42,0
2026-08-06T17:39:02Z,687.63,ensayo_01_kinova,Linea_Base_WiFi6,12.68,10.14,0.0,2.54,10.14,733.0,890.2,8.0,8.6,14.5,5.93,0.0,0.5,0.2,0.0,2;42,0
2026-08-06T17:39:04Z,689.37,ensayo_01_kinova,Linea_Base_WiFi6,28.23,22.58,0.0,5.65,22.58,1778.3,1835.6,20.0,16.0,5.59,0.46,0.0,0.5,0.2,0.0,2;42,0
2026-08-06T17:39:06Z,691.12,ensayo_01_kinova,Linea_Base_WiFi6,23.34,18.67,0.0,4.67,18.67,1391.5,1595.7,15.5,14.3,4.05,0.07,0.0,0.5,0.2,0.0,2;42,0
2026-08-06T17:39:08Z,692.86,ensayo_01_kinova,Linea_Base_WiFi6,26.2,20.96,0.0,5.24,20.96,1586.2,1768.0,16.6,14.9,34.91,3.97,0.0,0.5,0.2,0.0,2;42,0
2026-08-06T17:39:09Z,694.63,ensayo_01_kinova,Linea_Base_WiFi6,31.27,25.02,0.0,6.25,25.02,1616.1,2386.3,14.1,13.0,52.18,11.73,0.0,0.5,0.2,0.0,2;42,0
2026-08-06T17:39:11Z,696.41,ensayo_01_kinova,Linea_Base_WiFi6,58.83,47.06,0.0,11.77,47.06,2882.5,4647.9,22.5,20.8,13.7,7.14,0.0,0.5,0.2,0.0,2;42,0
2026-08-06T17:39:13Z,698.15,ensayo_01_kinova,Linea_Base_WiFi6,21.44,17.15,0.0,4.29,17.15,1210.9,1533.4,12.0,13.2,21.63,18.33,0.0,0.5,0.2,0.0,2;42,0
2026-08-06T17:39:15Z,699.89,ensayo_01_kinova,Linea_Base_WiFi6,28.73,22.98,0.0,5.75,22.98,1742.8,1934.2,19.0,17.8,5.1,1.64,0.0,0.5,0.2,0.0,2;42,0
2026-08-06T17:39:16Z,701.64,ensayo_01_kinova,Linea_Base_WiFi6,12.94,10.35,0.0,2.59,10.35,752.9,903.0,8.0,8.6,8.42,4.15,0.0,0.5,0.2,0.0,2;42,0
2026-08-06T17:39:18Z,703.38,ensayo_01_kinova,Linea_Base_WiFi6,26.4,21.12,0.0,5.28,21.12,1532.8,1846.7,15.5,16.1,12.12,8.75,0.0,0.5,0.2,0.0,2;42,0
2026-08-06T17:39:20Z,705.12,ensayo_01_kinova,Linea_Base_WiFi6,24.92,19.94,0.0,4.98,19.94,1475.5,1713.6,16.1,16.1,4.26,0.37,0.0,0.5,0.2,0.0,2;42,0
2026-08-06T17:39:22Z,706.86,ensayo_01_kinova,Linea_Base_WiFi6,25.71,20.57,0.0,5.14,20.57,1558.4,1732.0,16.1,14.4,4.08,0.28,0.0,0.5,0.2,0.0,2;42,0
2026-08-06T17:39:23Z,708.6,ensayo_01_kinova,Linea_Base_WiFi6,13.81,11.05,0.0,2.76,11.05,860.0,908.3,10.3,8.6,7.05,1.3,0.0,0.5,0.2,0.0,2;42,0
2026-08-06T17:39:25Z,710.35,ensayo_01_kinova,Linea_Base_WiFi6,27.87,22.3,0.0,5.57,22.3,1766.4,1800.7,19.4,15.4,12.85,6.04,0.0,0.5,0.2,0.0,2;42,0
2026-08-06T17:39:27Z,712.1,ensayo_01_kinova,Linea_Base_WiFi6,21.17,16.94,0.0,4.23,16.94,1276.4,1433.5,13.2,11.5,20.04,13.32,0.0,0.5,0.2,0.0,2;42,0
2026-08-06T17:39:29Z,713.84,ensayo_01_kinova,Linea_Base_WiFi6,27.4,21.92,0.0,5.48,21.92,1693.2,1813.6,18.3,15.5,7.59,1.24,0.0,0.5,0.2,0.0,2;42,0
2026-08-06T17:39:30Z,715.59,ensayo_01_kinova,Linea_Base_WiFi6,15.21,12.17,0.0,3.04,12.17,999.5,946.9,12.6,9.2,9.13,2.49,0.0,0.5,0.2,0.0,2;42,0
2026-08-06T17:39:32Z,717.33,ensayo_01_kinova,Linea_Base_WiFi6,26.42,21.14,0.0,5.28,21.14,1639.7,1741.8,17.2,14.3,6.8,1.91,0.0,0.5,0.2,0.0,2;42,0
2026-08-06T17:39:34Z,719.08,ensayo_01_kinova,Linea_Base_WiFi6,23.34,18.67,0.0,4.67,18.67,1412.7,1574.3,15.5,13.8,23.09,1.43,0.0,0.5,0.2,0.0,2;42,0
2026-08-06T17:39:35Z,720.83,ensayo_01_kinova,Linea_Base_WiFi6,26.16,20.93,0.0,5.23,20.93,1619.2,1729.5,17.1,14.2,13.49,8.16,0.0,0.5,0.2,0.0,2;42,0
2026-08-06T17:39:37Z,722.59,ensayo_01_kinova,Linea_Base_WiFi6,889.41,711.53,0.0,177.88,711.53,106648.7,7196.1,75.0,63.1,5.59,2.23,0.0,0.5,0.2,0.0,2;42,0
2026-08-06T17:39:39Z,724.34,ensayo_01_kinova,Linea_Base_WiFi6,825.92,660.74,0.0,165.18,660.74,100033.9,5684.1,77.4,68.2,5.46,0.89,0.0,0.5,0.2,0.0,2;42,0
2026-08-06T17:39:41Z,726.08,ensayo_01_kinova,Linea_Base_WiFi6,22.41,17.93,0.0,4.48,17.93,1296.7,1571.7,13.2,13.2,30.34,4.71,0.0,0.5,0.2,0.0,2;42,0
2026-08-06T17:39:43Z,727.85,ensayo_01_kinova,Linea_Base_WiFi6,25.11,20.09,0.0,5.02,20.09,1475.5,1738.9,14.7,14.7,25.64,4.33,0.0,0.5,0.2,0.0,2;42,0
2026-08-06T17:39:44Z,729.61,ensayo_01_kinova,Linea_Base_WiFi6,118.94,95.15,0.0,23.79,95.15,11788.6,3436.3,17.6,18.2,8.05,4.62,0.0,0.5,0.2,0.0,2;42,0
2026-08-06T17:39:46Z,731.35,ensayo_01_kinova,Linea_Base_WiFi6,35.62,28.5,0.0,7.12,28.5,2738.0,1821.5,19.0,15.5,37.78,3.08,0.0,0.5,0.2,0.0,2;42,0
2026-08-06T17:39:48Z,733.12,ensayo_01_kinova,Linea_Base_WiFi6,20.66,16.53,0.0,4.13,16.53,1193.7,1450.4,11.8,11.8,3.6,1.36,0.0,0.5,0.2,0.0,2;42,0
2026-08-06T17:39:50Z,734.86,ensayo_01_kinova,Linea_Base_WiFi6,73.67,58.94,0.0,14.73,58.94,6246.9,3182.2,21.9,20.7,13.46,8.46,0.0,0.5,0.2,0.0,2;42,0
2026-08-06T17:39:51Z,736.6,ensayo_01_kinova,Linea_Base_WiFi6,13.66,10.93,0.0,2.73,10.93,798.9,949.3,8.6,9.2,57.31,2.93,0.0,0.5,0.2,0.0,2;42,0
2026-08-06T17:39:53Z,738.4,ensayo_01_kinova,Linea_Base_WiFi6,24.67,19.74,0.0,4.93,19.74,1459.7,1698.6,14.5,13.9,6.74,2.92,0.0,0.5,0.2,0.0,2;42,0
2026-08-06T17:39:55Z,740.14,ensayo_01_kinova,Linea_Base_WiFi6,22.75,18.2,0.0,4.55,18.2,1368.2,1544.0,14.4,13.2,8.08,3.57,0.0,0.5,0.2,0.0,2;42,0
2026-08-06T17:39:57Z,741.89,ensayo_01_kinova,Linea_Base_WiFi6,25.35,20.28,0.0,5.07,20.28,1566.9,1677.8,16.0,13.1,4.17,0.34,0.0,0.5,0.2,0.0,2;42,0
2026-08-06T17:39:58Z,743.63,ensayo_01_kinova,Linea_Base_WiFi6,12.41,9.93,0.0,2.48,9.93,710.6,878.3,7.5,8.0,9.61,3.99,0.0,0.5,0.2,0.0,2;42,0
2026-08-06T17:40:00Z,745.37,ensayo_01_kinova,Linea_Base_WiFi6,92.1,73.68,0.0,18.42,73.68,5814.3,5975.0,27.0,24.1,5.6,1.7,0.0,0.5,0.2,0.0,2;42,0
2026-08-06T17:40:02Z,747.11,ensayo_01_kinova,Linea_Base_WiFi6,22.06,17.65,0.0,4.41,17.65,1313.0,1510.1,13.8,12.6,6.54,2.84,0.0,0.5,0.2,0.0,2;42,0
2026-08-06T17:40:04Z,748.86,ensayo_01_kinova,Linea_Base_WiFi6,28.55,22.84,0.0,5.71,22.84,1739.8,1914.9,18.9,17.2,5.75,1.83,0.0,0.5,0.2,0.0,2;42,0
2026-08-06T17:40:05Z,750.6,ensayo_01_kinova,Linea_Base_WiFi6,14.3,11.44,0.0,2.86,11.44,926.3,904.5,11.5,8.6,11.19,3.77,0.0,0.5,0.2,0.0,2;42,0
2026-08-06T17:40:07Z,752.35,ensayo_01_kinova,Linea_Base_WiFi6,25.94,20.75,0.0,5.19,20.75,1601.7,1719.3,17.1,14.3,6.56,3.14,0.0,0.5,0.2,0.0,2;42,0
2026-08-06T17:40:09Z,754.09,ensayo_01_kinova,Linea_Base_WiFi6,23.67,18.94,0.0,4.73,18.94,1391.0,1639.3,14.9,14.9,13.62,6.12,0.0,0.5,0.2,0.0,2;42,0
2026-08-06T17:40:11Z,755.85,ensayo_01_kinova,Linea_Base_WiFi6,76.37,61.1,0.0,15.27,61.1,3823.4,5952.5,30.2,24.5,11.43,2.06,0.0,0.5,0.2,0.0,2;42,0
2026-08-06T17:40:12Z,757.59,ensayo_01_kinova,Linea_Base_WiFi6,15.58,12.46,0.0,3.12,12.46,867.8,1126.6,9.2,9.2,3.85,0.38,0.0,0.5,0.2,0.0,2;42,0
2026-08-06T17:40:14Z,759.33,ensayo_01_kinova,Linea_Base_WiFi6,28.84,23.07,0.0,5.77,23.07,1819.7,1871.4,20.7,16.7,11.68,5.25,0.0,0.5,0.2,0.0,2;42,0
2026-08-06T17:40:16Z,761.08,ensayo_01_kinova,Linea_Base_WiFi6,22.66,18.13,0.0,4.53,18.13,1329.0,1571.1,14.3,13.8,3.91,0.24,0.0,0.5,0.2,0.0,2;42,0
2026-08-06T17:40:17Z,762.82,ensayo_01_kinova,Linea_Base_WiFi6,17.53,14.02,0.0,3.51,14.02,1066.4,1177.2,11.5,10.9,30.44,7.54,0.0,0.5,0.2,0.0,2;42,0
2026-08-06T17:40:19Z,764.58,ensayo_01_kinova,Linea_Base_WiFi6,23.88,19.1,0.0,4.78,19.1,1406.2,1650.0,15.3,15.3,14.13,10.7,0.0,0.5,0.2,0.0,2;42,0
2026-08-06T17:40:21Z,766.34,ensayo_01_kinova,Linea_Base_WiFi6,27.72,22.18,0.0,5.54,22.18,1688.1,1859.5,18.2,16.5,11.87,6.35,0.0,0.5,0.2,0.0,2;42,0
2026-08-06T17:40:23Z,768.1,ensayo_01_kinova,Linea_Base_WiFi6,22.15,17.72,0.0,4.43,17.72,1312.1,1523.4,14.2,13.1,3.58,0.49,0.0,0.5,0.2,0.0,2;42,0
2026-08-06T17:40:25Z,769.84,ensayo_01_kinova,Linea_Base_WiFi6,18.24,14.59,0.0,3.65,14.59,1095.4,1239.6,11.5,12.1,11.34,7.54,0.0,0.5,0.2,0.0,2;42,0
2026-08-06T17:40:26Z,771.58,ensayo_01_kinova,Linea_Base_WiFi6,21.24,16.99,0.0,4.25,16.99,1182.8,1535.7,11.5,13.2,12.23,6.2,0.0,0.5,0.2,0.0,2;42,0
2026-08-06T17:40:28Z,773.33,ensayo_01_kinova,Linea_Base_WiFi6,25.09,20.07,0.0,5.02,20.07,1457.6,1754.3,14.2,14.8,25.05,20.63,0.0,0.5,0.2,0.0,2;42,0
2026-08-06T17:40:30Z,775.12,ensayo_01_kinova,Linea_Base_WiFi6,24.69,19.75,0.0,4.94,19.75,1414.2,1745.6,15.1,16.8,4.54,0.88,0.0,0.5,0.2,0.0,2;42,0
2026-08-06T17:40:32Z,776.86,ensayo_01_kinova,Linea_Base_WiFi6,17.12,13.7,0.0,3.42,13.7,1017.3,1174.5,10.3,10.9,7.56,3.31,0.0,0.5,0.2,0.0,2;42,0
2026-08-06T17:40:33Z,778.61,ensayo_01_kinova,Linea_Base_WiFi6,81.25,65.0,0.0,16.25,65.0,8745.7,1653.9,18.9,14.9,5.22,1.37,0.0,0.5,0.2,0.0,2;42,0
2026-08-06T17:40:35Z,780.35,ensayo_01_kinova,Linea_Base_WiFi6,26.47,21.18,0.0,5.29,21.18,1560.0,1828.6,15.5,16.1,17.9,11.87,0.0,0.5,0.2,0.0,2;42,0
2026-08-06T17:40:37Z,782.09,ensayo_01_kinova,Linea_Base_WiFi6,22.06,17.65,0.0,4.41,17.65,1254.8,1568.8,12.6,13.8,4.37,0.07,0.0,0.5,0.2,0.0,2;42,0
2026-08-06T17:40:38Z,783.83,ensayo_01_kinova,Linea_Base_WiFi6,17.6,14.08,0.0,3.52,14.08,1050.3,1203.1,10.9,11.5,24.96,16.39,0.0,0.5,0.2,0.0,2;42,0
2026-08-06T17:40:40Z,785.58,ensayo_01_kinova,Linea_Base_WiFi6,26.03,20.82,0.0,5.21,20.82,1574.8,1757.2,17.2,15.5,8.28,3.19,0.0,0.5,0.2,0.0,2;42,0
2026-08-06T17:40:42Z,787.33,ensayo_01_kinova,Linea_Base_WiFi6,25.58,20.46,0.0,5.12,20.46,1550.6,1723.4,16.0,14.3,6.45,2.96,0.0,0.5,0.2,0.0,2;42,0
2026-08-06T17:40:44Z,789.07,ensayo_01_kinova,Linea_Base_WiFi6,57.39,45.91,0.0,11.48,45.91,5254.1,2091.8,17.2,17.2,20.08,10.11,0.0,0.5,0.2,0.0,2;42,0
2026-08-06T17:40:45Z,790.84,ensayo_01_kinova,Linea_Base_WiFi6,536.57,429.26,0.0,107.31,429.26,63007.2,5673.2,47.6,41.9,5.04,1.38,0.0,0.5,0.2,0.0,2;42,0
2026-08-06T17:40:47Z,792.57,ensayo_01_kinova,Linea_Base_WiFi6,1156.1,924.88,0.0,231.22,924.88,140948.1,7032.2,95.4,89.1,3.5,0.02,0.0,0.5,0.2,0.0,2;42,0
2026-08-06T17:40:49Z,794.32,ensayo_01_kinova,Linea_Base_WiFi6,27.54,22.03,0.0,5.51,22.03,1616.4,1908.6,16.7,17.2,5.19,0.91,0.0,0.5,0.2,0.0,2;42,0
2026-08-06T17:40:51Z,796.06,ensayo_01_kinova,Linea_Base_WiFi6,24.69,19.75,0.0,4.94,19.75,1512.3,1647.8,17.2,14.9,5.23,1.96,0.0,0.5,0.2,0.0,2;42,0
2026-08-06T17:40:52Z,797.8,ensayo_01_kinova,Linea_Base_WiFi6,16.33,13.06,0.0,3.27,13.06,990.0,1100.7,10.3,9.8,4.19,0.22,0.0,0.5,0.2,0.0,2;42,0
2026-08-06T17:40:54Z,799.54,ensayo_01_kinova,Linea_Base_WiFi6,22.62,18.1,0.0,4.52,18.1,1297.2,1598.8,13.2,14.4,9.02,0.76,0.0,0.5,0.2,0.0,2;42,0
2026-08-06T17:40:56Z,801.29,ensayo_01_kinova,Linea_Base_WiFi6,26.64,21.31,0.0,5.33,21.31,1556.9,1852.9,15.5,16.0,6.97,3.17,0.0,0.5,0.2,0.0,2;42,0
2026-08-06T17:40:58Z,803.04,ensayo_01_kinova,Linea_Base_WiFi6,21.39,17.11,0.0,4.28,17.11,1208.0,1530.1,12.0,13.2,10.47,0.56,0.0,0.5,0.2,0.0,2;42,0
2026-08-06T17:40:59Z,804.78,ensayo_01_kinova,Linea_Base_WiFi6,21.38,17.1,0.0,4.28,17.1,1323.1,1414.1,13.2,13.7,16.58,13.43,0.0,0.5,0.2,0.0,2;42,0
2026-08-06T17:41:01Z,806.55,ensayo_01_kinova,Linea_Base_WiFi6,84.52,67.62,0.0,16.9,67.62,5212.9,5605.6,22.1,21.5,3.94,0.39,0.0,0.5,0.2,0.0,2;42,0
2026-08-06T17:41:03Z,808.29,ensayo_01_kinova,Linea_Base_WiFi6,26.55,21.24,0.0,5.31,21.24,1596.3,1802.6,16.7,15.5,5.49,1.19,0.0,0.5,0.2,0.0,2;42,0
2026-08-06T17:41:05Z,810.03,ensayo_01_kinova,Linea_Base_WiFi6,22.61,18.09,0.0,4.52,18.09,1296.2,1597.6,13.2,14.4,25.76,10.39,0.0,0.5,0.2,0.0,2;42,0
2026-08-06T17:41:06Z,811.78,ensayo_01_kinova,Linea_Base_WiFi6,16.46,13.17,0.0,3.29,13.17,975.4,1132.0,9.7,10.3,4.68,0.59,0.0,0.5,0.2,0.0,2;42,0
2026-08-06T17:41:08Z,813.53,ensayo_01_kinova,Linea_Base_WiFi6,22.01,17.61,0.0,4.4,17.61,1243.1,1574.8,12.6,13.8,7.01,2.5,0.0,0.5,0.2,0.0,2;42,0
2026-08-06T17:41:10Z,815.27,ensayo_01_kinova,Linea_Base_WiFi6,79.83,63.86,0.0,15.97,63.86,3903.4,6314.2,30.4,27.0,5.4,0.33,0.0,0.5,0.2,0.0,2;42,0
2026-08-06T17:41:12Z,817.01,ensayo_01_kinova,Linea_Base_WiFi6,22.16,17.73,0.0,4.43,17.73,1304.4,1532.7,13.8,13.2,3.79,0.25,0.0,0.5,0.2,0.0,2;42,0
2026-08-06T17:41:13Z,818.75,ensayo_01_kinova,Linea_Base_WiFi6,17.06,13.65,0.0,3.41,13.65,1004.3,1178.8,10.3,10.9,4.69,1.23,0.0,0.5,0.2,0.0,2;42,0
2026-08-06T17:41:15Z,820.5,ensayo_01_kinova,Linea_Base_WiFi6,25.33,20.26,0.0,5.07,20.26,1519.8,1722.9,17.2,16.1,5.16,0.16,0.0,0.5,0.2,0.0,2;42,0
2026-08-06T17:41:17Z,822.24,ensayo_01_kinova,Linea_Base_WiFi6,26.39,21.11,0.0,5.28,21.11,1575.1,1803.4,16.1,15.5,3.97,0.1,0.0,0.5,0.2,0.0,2;42,0
2026-08-06T17:41:19Z,823.98,ensayo_01_kinova,Linea_Base_WiFi6,24.58,19.66,0.0,4.92,19.66,1476.3,1669.4,16.7,15.5,11.65,7.55,0.0,0.5,0.2,0.0,2;42,0
2026-08-06T17:41:20Z,825.74,ensayo_01_kinova,Linea_Base_WiFi6,15.65,12.52,0.0,3.13,12.52,950.7,1052.0,9.7,9.1,4.55,1.42,0.0,0.5,0.2,0.0,2;42,0
2026-08-06T17:41:22Z,827.48,ensayo_01_kinova,Linea_Base_WiFi6,24.61,19.69,0.0,4.92,19.69,1504.0,1646.3,17.2,14.9,3.22,0.22,0.0,0.5,0.2,0.0,2;42,0
2026-08-06T17:41:24Z,829.22,ensayo_01_kinova,Linea_Base_WiFi6,27.44,21.95,0.0,5.49,21.95,1641.0,1871.9,17.2,16.7,5.41,1.15,0.0,0.5,0.2,0.0,2;42,0
2026-08-06T17:41:26Z,830.96,ensayo_01_kinova,Linea_Base_WiFi6,22.1,17.68,0.0,4.42,17.68,1257.0,1571.6,12.6,13.8,6.63,0.39,0.0,0.5,0.2,0.0,2;42,0
2026-08-06T17:41:27Z,832.71,ensayo_01_kinova,Linea_Base_WiFi6,15.34,12.27,0.0,3.07,12.27,903.2,1060.3,8.6,9.2,6.43,2.4,0.0,0.5,0.2,0.0,2;42,0
2026-08-06T17:41:29Z,834.45,ensayo_01_kinova,Linea_Base_WiFi6,23.78,19.02,0.0,4.76,19.02,1366.9,1677.3,14.4,15.5,4.64,0.29,0.0,0.5,0.2,0.0,2;42,0
2026-08-06T17:41:31Z,836.19,ensayo_01_kinova,Linea_Base_WiFi6,27.46,21.97,0.0,5.49,21.97,1593.0,1922.0,16.1,17.3,14.54,2.31,0.0,0.5,0.2,0.0,2;42,0
2026-08-06T17:41:33Z,837.93,ensayo_01_kinova,Linea_Base_WiFi6,22.74,18.19,0.0,4.55,18.19,1277.3,1633.1,14.3,14.3,7.74,3.89,0.0,0.5,0.2,0.0,2;42,0
2026-08-06T17:41:34Z,839.68,ensayo_01_kinova,Linea_Base_WiFi6,19.06,15.25,0.0,3.81,15.25,1182.6,1257.5,12.0,12.6,3.68,0.24,0.0,0.5,0.2,0.0,2;42,0
2026-08-06T17:41:36Z,841.42,ensayo_01_kinova,Linea_Base_WiFi6,22.12,17.7,0.0,4.42,17.7,1258.3,1573.2,12.6,13.8,6.35,2.19,0.0,0.5,0.2,0.0,2;42,0
2026-08-06T17:41:38Z,843.17,ensayo_01_kinova,Linea_Base_WiFi6,25.25,20.2,0.0,5.05,20.2,1466.8,1765.3,14.3,14.9,5.8,2.48,0.0,0.5,0.2,0.0,2;42,0
2026-08-06T17:41:40Z,844.92,ensayo_01_kinova,Linea_Base_WiFi6,16.37,13.1,0.0,3.27,13.1,1045.7,1049.2,12.0,10.3,4.7,0.07,0.0,0.5,0.2,0.0,2;42,0
2026-08-06T17:41:41Z,846.66,ensayo_01_kinova,Linea_Base_WiFi6,27.08,21.66,0.0,5.42,21.66,1662.1,1804.5,17.8,15.5,8.24,0.18,0.0,0.5,0.2,0.0,2;42,0
2026-08-06T17:41:43Z,848.41,ensayo_01_kinova,Linea_Base_WiFi6,25.32,20.26,0.0,5.06,20.26,1547.5,1693.2,15.5,14.9,4.51,0.24,0.0,0.5,0.2,0.0,2;42,0
2026-08-06T17:41:45Z,850.15,ensayo_01_kinova,Linea_Base_WiFi6,27.25,21.8,0.0,5.45,21.8,1696.0,1792.6,18.4,15.5,12.33,6.41,0.0,0.5,0.2,0.0,2;42,0
2026-08-06T17:41:47Z,851.9,ensayo_01_kinova,Linea_Base_WiFi6,13.83,11.06,0.0,2.77,11.06,834.5,936.0,9.7,9.1,13.74,2.2,0.0,0.5,0.2,0.0,2;42,0
2026-08-06T17:41:48Z,853.65,ensayo_01_kinova,Linea_Base_WiFi6,105.42,84.34,0.0,21.08,84.34,9003.2,4490.7,24.0,24.0,6.74,2.04,0.0,0.5,0.2,0.0,2;42,0
2026-08-06T17:41:50Z,855.39,ensayo_01_kinova,Linea_Base_WiFi6,23.19,18.55,0.0,4.64,18.55,1408.4,1560.2,15.5,13.8,4.11,0.2,0.0,0.5,0.2,0.0,2;42,0
2026-08-06T17:41:52Z,857.13,ensayo_01_kinova,Linea_Base_WiFi6,28.74,22.99,0.0,5.75,22.99,1795.4,1882.7,20.1,16.7,23.65,18.44,0.0,0.5,0.2,0.0,2;42,0
2026-08-06T17:41:54Z,858.87,ensayo_01_kinova,Linea_Base_WiFi6,14.44,11.55,0.0,2.89,11.55,879.1,969.8,10.3,9.8,3.75,0.29,0.0,0.5,0.2,0.0,2;42,0
2026-08-06T17:41:55Z,860.61,ensayo_01_kinova,Linea_Base_WiFi6,27.78,22.22,0.0,5.56,22.22,1734.1,1821.4,19.0,15.5,8.02,2.47,0.0,0.5,0.2,0.0,2;42,0
2026-08-06T17:41:57Z,862.35,ensayo_01_kinova,Linea_Base_WiFi6,21.29,17.03,0.0,4.26,17.03,1233.3,1492.0,12.6,12.6,5.88,2.08,0.0,0.5,0.2,0.0,2;42,0
2026-08-06T17:41:59Z,864.09,ensayo_01_kinova,Linea_Base_WiFi6,27.44,21.95,0.0,5.49,21.95,1641.0,1871.9,17.2,16.7,5.23,0.48,0.0,0.5,0.2,0.0,2;42,0
2026-08-06T17:42:01Z,865.84,ensayo_01_kinova,Linea_Base_WiFi6,15.71,12.57,0.0,3.14,12.57,1031.5,978.8,13.2,9.7,7.53,1.86,0.0,0.5,0.2,0.0,2;42,0
2026-08-06T17:42:02Z,867.58,ensayo_01_kinova,Linea_Base_WiFi6,27.27,21.82,0.0,5.45,21.82,1686.3,1804.4,18.3,15.5,5.97,2.24,0.0,0.5,0.2,0.0,2;42,0
2026-08-06T17:42:04Z,869.33,ensayo_01_kinova,Linea_Base_WiFi6,24.31,19.45,0.0,4.86,19.45,1410.0,1702.0,15.5,16.0,11.32,1.41,0.0,0.5,0.2,0.0,2;42,0
2026-08-06T17:42:06Z,871.08,ensayo_01_kinova,Linea_Base_WiFi6,27.39,21.91,0.0,5.48,21.91,1709.5,1796.3,18.9,15.4,5.75,0.32,0.0,0.5,0.2,0.0,2;42,0
2026-08-06T17:42:07Z,872.82,ensayo_01_kinova,Linea_Base_WiFi6,13.19,10.55,0.0,2.64,10.55,819.7,868.5,9.8,8.0,4.7,1.26,0.0,0.5,0.2,0.0,2;42,0
2026-08-06T17:42:09Z,874.56,ensayo_01_kinova,Linea_Base_WiFi6,27.64,22.11,0.0,5.53,22.11,1704.4,1833.8,17.3,16.1,19.7,16.9,0.0,0.5,0.2,0.0,2;42,0
2026-08-06T17:42:11Z,876.33,ensayo_01_kinova,Linea_Base_WiFi6,76.65,61.32,0.0,15.33,61.32,3615.5,6195.3,28.8,28.8,19.48,11.3,0.0,0.5,0.2,0.0,2;42,0
2026-08-06T17:42:13Z,878.08,ensayo_01_kinova,Linea_Base_WiFi6,27.16,21.73,0.0,5.43,21.73,1585.4,1891.1,16.6,17.2,8.81,1.11,0.0,0.5,0.2,0.0,2;42,0
2026-08-06T17:42:14Z,879.82,ensayo_01_kinova,Linea_Base_WiFi6,13.64,10.91,0.0,2.73,10.91,816.6,929.6,9.2,9.2,3.56,0.02,0.0,0.5,0.2,0.0,2;42,0
2026-08-06T17:42:16Z,881.56,ensayo_01_kinova,Linea_Base_WiFi6,25.5,20.4,0.0,5.1,20.4,1471.2,1793.0,14.4,15.5,4.81,0.77,0.0,0.5,0.2,0.0,2;42,0
2026-08-06T17:42:18Z,883.3,ensayo_01_kinova,Linea_Base_WiFi6,23.2,18.56,0.0,4.64,18.56,1319.9,1649.5,13.8,14.9,6.26,3.27,0.0,0.5,0.2,0.0,2;42,0
2026-08-06T17:42:20Z,885.05,ensayo_01_kinova,Linea_Base_WiFi6,29.86,23.89,0.0,5.97,23.89,1772.9,2049.5,19.5,18.9,3.66,0.19,0.0,0.5,0.2,0.0,2;42,0
2026-08-06T17:42:21Z,886.79,ensayo_01_kinova,Linea_Base_WiFi6,14.55,11.64,0.0,2.91,11.64,883.7,978.9,10.3,9.7,7.26,0.21,0.0,0.5,0.2,0.0,2;42,0
2026-08-06T17:42:23Z,888.54,ensayo_01_kinova,Linea_Base_WiFi6,26.77,21.42,0.0,5.35,21.42,1559.9,1867.1,16.0,16.6,9.17,5.51,0.0,0.5,0.2,0.0,2;42,0
2026-08-06T17:42:25Z,890.28,ensayo_01_kinova,Linea_Base_WiFi6,22.52,18.02,0.0,4.5,18.02,1322.4,1560.2,13.8,13.8,5.86,1.4,0.0,0.5,0.2,0.0,2;42,0
2026-08-06T17:42:27Z,892.02,ensayo_01_kinova,Linea_Base_WiFi6,26.95,21.56,0.0,5.39,21.56,1607.0,1842.3,16.6,16.1,6.19,0.36,0.0,0.5,0.2,0.0,2;42,0
2026-08-06T17:42:28Z,893.76,ensayo_01_kinova,Linea_Base_WiFi6,12.63,10.1,0.0,2.53,10.1,709.1,907.7,7.5,8.6,5.38,0.15,0.0,0.5,0.2,0.0,2;42,0
2026-08-06T17:42:30Z,895.5,ensayo_01_kinova,Linea_Base_WiFi6,25.88,20.7,0.0,5.18,20.7,1522.1,1790.7,14.9,15.5,4.36,0.32,0.0,0.5,0.2,0.0,2;42,0
2026-08-06T17:42:32Z,897.25,ensayo_01_kinova,Linea_Base_WiFi6,26.01,20.81,0.0,5.2,20.81,1608.7,1719.9,18.9,16.0,6.45,0.44,0.0,0.5,0.2,0.0,2;42,0
2026-08-06T17:42:34Z,898.99,ensayo_01_kinova,Linea_Base_WiFi6,19.17,15.34,0.0,3.83,15.34,1221.2,1232.7,14.3,12.0,10.16,6.61,0.0,0.5,0.2,0.0,2;42,0
2026-08-06T17:42:35Z,900.75,ensayo_01_kinova,Linea_Base_WiFi6,20.76,16.61,0.0,4.15,16.61,1172.6,1484.8,11.4,12.5,6.4,3.29,0.0,0.5,0.2,0.0,2;42,0
2026-08-06T17:42:37Z,902.49,ensayo_01_kinova,Linea_Base_WiFi6,27.49,21.99,0.0,5.5,21.99,1657.6,1861.4,17.7,16.6,18.19,1.22,0.0,0.5,0.2,0.0,2;42,0
2026-08-06T17:42:39Z,904.25,ensayo_01_kinova,Linea_Base_WiFi6,1667.59,1334.07,0.0,333.52,1334.07,202097.3,11354.3,129.5,118.1,11.66,0.97,0.0,0.5,0.2,0.0,2;42,0
2026-08-06T17:42:41Z,906.0,ensayo_01_kinova,Linea_Base_WiFi6,21.07,16.86,0.0,4.21,16.86,1213.7,1482.7,12.0,13.7,13.42,5.43,0.0,0.5,0.2,0.0,2;42,0
2026-08-06T17:42:42Z,907.74,ensayo_01_kinova,Linea_Base_WiFi6,20.88,16.7,0.0,4.18,16.7,1179.2,1493.1,11.5,12.6,3.33,0.03,0.0,0.5,0.2,0.0,2;42,0
2026-08-06T17:42:44Z,909.48,ensayo_01_kinova,Linea_Base_WiFi6,119.18,95.34,0.0,23.84,95.34,11012.3,4242.3,27.0,27.6,4.64,0.88,0.0,0.5,0.2,0.0,2;42,0
2026-08-06T17:42:46Z,911.22,ensayo_01_kinova,Linea_Base_WiFi6,98.94,79.15,0.0,19.79,79.15,4661.0,8003.0,37.3,24.7,15.61,0.65,0.0,0.5,0.2,0.0,2;42,0
2026-08-06T17:42:48Z,912.98,ensayo_01_kinova,Linea_Base_WiFi6,17.18,13.74,0.0,3.44,13.74,1060.2,1139.5,11.4,10.3,4.15,0.54,0.0,0.5,0.2,0.0,2;42,0
2026-08-06T17:42:49Z,914.72,ensayo_01_kinova,Linea_Base_WiFi6,158.76,127.01,0.0,31.75,127.01,9487.5,10833.2,36.2,27.6,4.65,0.0,0.0,0.5,0.2,0.0,2;42,0
2026-08-06T17:42:51Z,916.46,ensayo_01_kinova,Linea_Base_WiFi6,42.49,33.99,0.0,8.5,33.99,2992.6,2445.8,22.4,18.4,11.98,8.47,0.0,0.5,0.2,0.0,2;42,0
2026-08-06T17:42:53Z,918.2,ensayo_01_kinova,Linea_Base_WiFi6,32.74,26.19,0.0,6.55,26.19,2105.7,2085.6,23.5,19.5,8.93,1.88,0.0,0.5,0.2,0.0,2;42,0
2026-08-06T17:42:55Z,919.95,ensayo_01_kinova,Linea_Base_WiFi6,34.66,27.73,0.0,6.93,27.73,2336.8,2100.0,26.9,21.7,15.24,10.45,0.0,0.5,0.2,0.0,2;42,0
2026-08-06T17:42:56Z,921.71,ensayo_01_kinova,Linea_Base_WiFi6,37.6,30.08,0.0,7.52,30.08,2503.9,2308.9,28.3,21.5,7.75,0.39,0.0,0.5,0.2,0.0,2;42,0
2026-08-06T17:42:58Z,923.46,ensayo_01_kinova,Linea_Base_WiFi6,46.48,37.18,0.0,9.3,37.18,3133.1,2816.6,35.5,26.4,8.52,5.08,0.0,0.5,0.2,0.0,2;42,0
2026-08-06T17:43:00Z,925.21,ensayo_01_kinova,Linea_Base_WiFi6,23.3,18.64,0.0,4.66,18.64,1345.8,1636.2,14.3,14.9,4.69,0.56,0.0,0.5,0.2,0.0,2;42,0
2026-08-06T17:43:02Z,926.95,ensayo_01_kinova,Linea_Base_WiFi6,22.74,18.19,0.0,4.55,18.19,1429.9,1481.5,16.0,14.9,21.93,18.31,0.0,0.5,0.2,0.0,2;42,0
2026-08-06T17:43:03Z,928.69,ensayo_01_kinova,Linea_Base_WiFi6,90.68,72.54,0.0,18.14,72.54,5705.1,5902.2,26.4,23.0,4.58,0.98,0.0,0.5,0.2,0.0,2;42,0
2026-08-06T17:43:05Z,930.43,ensayo_01_kinova,Linea_Base_WiFi6,52.15,41.72,0.0,10.43,41.72,3423.8,3250.9,33.9,28.1,6.87,2.21,0.0,0.5,0.2,0.0,2;42,0
2026-08-06T17:43:07Z,932.17,ensayo_01_kinova,Linea_Base_WiFi6,34.87,27.9,0.0,6.97,27.9,2198.0,2265.9,23.0,19.5,3.62,0.53,0.0,0.5,0.2,0.0,2;42,0
2026-08-06T17:43:09Z,933.92,ensayo_01_kinova,Linea_Base_WiFi6,30.06,24.05,0.0,6.01,24.05,1983.7,1864.3,21.2,17.2,8.42,1.25,0.0,0.5,0.2,0.0,2;42,0
2026-08-06T17:43:10Z,935.66,ensayo_01_kinova,Linea_Base_WiFi6,89.51,71.61,0.0,17.9,71.61,4650.2,6807.1,38.3,31.5,20.29,5.36,0.0,0.5,0.2,0.0,2;42,0
2026-08-06T17:43:12Z,937.42,ensayo_01_kinova,Linea_Base_WiFi6,88.78,71.02,0.0,17.76,71.02,6172.6,5191.8,41.6,34.2,8.41,0.95,0.0,0.5,0.2,0.0,2;42,0
2026-08-06T17:43:14Z,939.16,ensayo_01_kinova,Linea_Base_WiFi6,217.47,173.98,0.0,43.49,173.98,16670.5,11166.3,50.9,45.8,5.09,0.25,0.0,0.5,0.2,0.0,2;42,0
2026-08-06T17:43:16Z,940.91,ensayo_01_kinova,Linea_Base_WiFi6,31.06,24.85,0.0,6.21,24.85,2040.3,1935.3,22.4,18.4,6.19,2.35,0.0,0.5,0.2,0.0,2;42,0
2026-08-06T17:43:17Z,942.65,ensayo_01_kinova,Linea_Base_WiFi6,39.64,31.71,0.0,7.93,31.71,2638.3,2436.2,29.8,23.0,6.56,2.98,0.0,0.5,0.2,0.0,2;42,0
2026-08-06T17:43:19Z,944.4,ensayo_01_kinova,Linea_Base_WiFi6,32.3,25.84,0.0,6.46,25.84,1929.0,2204.8,20.6,20.6,0.0,0.0,0.0,0.5,0.2,0.0,2;42,0
2026-08-06T17:43:21Z,946.63,ensayo_01_kinova,Linea_Base_WiFi6,96.08,76.86,0.0,19.22,76.86,7545.8,4752.5,33.5,26.8,5.41,0.0,50.0,0.5,0.2,0.0,2;42,0
2026-08-06T17:43:23Z,948.47,ensayo_01_kinova,Linea_Base_WiFi6,50.14,40.11,0.0,10.03,40.11,4119.9,2297.7,26.1,22.3,543.43,50.66,0.0,0.5,0.2,0.0,2;42,0
2026-08-06T17:43:25Z,950.7,ensayo_01_kinova,Linea_Base_WiFi6,17.46,13.97,0.0,3.49,13.97,1019.1,1216.3,10.3,10.8,65.86,50.88,0.0,0.5,0.2,0.0,2;42,0
2026-08-06T17:43:27Z,952.45,ensayo_01_kinova,Linea_Base_WiFi6,26.06,20.85,0.0,5.21,20.85,1543.4,1791.9,15.4,15.4,11.15,1.2,0.0,0.5,0.2,0.0,2;42,0
2026-08-06T17:43:29Z,954.2,ensayo_01_kinova,Linea_Base_WiFi6,24.25,19.4,0.0,4.85,19.4,1397.8,1706.7,14.9,16.0,4.34,0.11,0.0,0.5,0.2,0.0,2;42,0
2026-08-06T17:43:31Z,955.94,ensayo_01_kinova,Linea_Base_WiFi6,15.68,12.54,0.0,3.14,12.54,944.9,1062.1,9.2,9.2,5.61,2.58,0.0,0.5,0.2,0.0,2;42,0
2026-08-06T17:43:32Z,957.69,ensayo_01_kinova,Linea_Base_WiFi6,131.99,105.59,0.0,26.4,105.59,9332.7,7562.6,47.1,39.0,7.49,0.17,0.0,0.5,0.2,0.0,2;42,0
2026-08-06T17:43:34Z,959.43,ensayo_01_kinova,Linea_Base_WiFi6,64.99,51.99,0.0,13.0,51.99,2835.9,5482.9,25.8,21.8,7.75,3.78,0.0,0.5,0.2,0.0,2;42,0
2026-08-06T17:43:36Z,961.18,ensayo_01_kinova,Linea_Base_WiFi6,23.03,18.42,0.0,4.61,18.42,1374.9,1572.3,14.9,13.8,3.94,0.43,0.0,0.5,0.2,0.0,2;42,0
2026-08-06T17:43:38Z,962.92,ensayo_01_kinova,Linea_Base_WiFi6,77.53,62.02,0.0,15.51,62.02,3111.4,6812.3,25.3,19.5,4.04,0.74,0.0,0.5,0.2,0.0,2;42,0
2026-08-06T17:43:39Z,964.66,ensayo_01_kinova,Linea_Base_WiFi6,27.56,22.05,0.0,5.51,22.05,1665.0,1862.5,17.2,17.2,13.16,9.71,0.0,0.5,0.2,0.0,2;42,0
2026-08-06T17:43:41Z,966.4,ensayo_01_kinova,Linea_Base_WiFi6,95.45,76.36,0.0,19.09,76.36,4095.7,8122.4,35.6,25.9,3.5,0.38,0.0,0.5,0.2,0.0,2;42,0
2026-08-06T17:43:43Z,968.14,ensayo_01_kinova,Linea_Base_WiFi6,27.58,22.06,0.0,5.52,22.06,1522.1,2008.4,16.7,15.5,30.22,24.35,0.0,0.5,0.2,0.0,2;42,0
2026-08-06T17:43:45Z,969.88,ensayo_01_kinova,Linea_Base_WiFi6,50.85,40.68,0.0,10.17,40.68,5079.2,1429.9,17.2,14.9,35.26,10.45,0.0,0.5,0.2,0.0,2;42,0
2026-08-06T17:43:46Z,971.64,ensayo_01_kinova,Linea_Base_WiFi6,23.4,18.72,0.0,4.68,18.72,1358.3,1637.3,14.2,14.8,8.93,5.2,0.0,0.5,0.2,0.0,2;42,0
2026-08-06T17:43:48Z,973.39,ensayo_01_kinova,Linea_Base_WiFi6,238.25,190.6,0.0,47.65,190.6,13646.3,16849.6,57.1,56.5,7.85,1.74,0.0,0.5,0.2,0.0,2;42,0
2026-08-06T17:43:50Z,975.13,ensayo_01_kinova,Linea_Base_WiFi6,171.26,137.01,0.0,34.25,137.01,11334.6,10586.6,43.5,38.9,10.63,1.35,0.0,0.5,0.2,0.0,2;42,0
2026-08-06T17:43:52Z,976.88,ensayo_01_kinova,Linea_Base_WiFi6,79.2,63.36,0.0,15.84,63.36,4120.2,6017.0,28.0,25.2,23.78,6.98,0.0,0.5,0.2,0.0,2;42,0
2026-08-06T17:43:53Z,978.65,ensayo_01_kinova,Linea_Base_WiFi6,191.22,152.98,0.0,38.24,152.98,11232.1,13244.3,45.8,38.5,5.51,2.17,0.0,0.5,0.2,0.0,2;42,0
2026-08-06T17:43:55Z,980.4,ensayo_01_kinova,Linea_Base_WiFi6,65.08,52.06,0.0,13.02,52.06,4003.4,4326.6,31.5,27.5,5.29,1.78,0.0,0.5,0.2,0.0,2;42,0
2026-08-06T17:43:57Z,982.14,ensayo_01_kinova,Linea_Base_WiFi6,105.24,84.19,0.0,21.05,84.19,5309.9,8161.1,38.5,33.3,4.98,0.23,0.0,0.5,0.2,0.0,2;42,0
2026-08-06T17:43:59Z,983.88,ensayo_01_kinova,Linea_Base_WiFi6,72.88,58.3,0.0,14.58,58.3,4185.2,5143.3,30.4,25.8,2.98,0.19,0.0,0.5,0.2,0.0,2;42,0
2026-08-06T17:44:00Z,985.62,ensayo_01_kinova,Linea_Base_WiFi6,49.48,39.58,0.0,9.9,39.58,2884.3,3449.1,23.0,19.5,5.02,1.04,0.0,0.5,0.2,0.0,2;42,0
2026-08-06T17:44:02Z,987.36,ensayo_01_kinova,Linea_Base_WiFi6,108.53,86.82,0.0,21.71,86.82,5430.1,8461.6,38.5,36.2,4.3,0.89,0.0,0.5,0.2,0.0,2;42,0
2026-08-06T17:44:04Z,989.1,ensayo_01_kinova,Linea_Base_WiFi6,144.94,115.95,0.0,28.99,115.95,8644.4,9908.0,43.6,37.3,3.77,0.24,0.0,0.5,0.2,0.0,2;42,0
2026-08-06T17:44:06Z,990.85,ensayo_01_kinova,Linea_Base_WiFi6,94.99,75.99,0.0,19.0,75.99,4718.4,7440.1,31.0,25.8,3.85,0.35,0.0,0.5,0.2,0.0,2;42,0
2026-08-06T17:44:07Z,992.59,ensayo_01_kinova,Linea_Base_WiFi6,66.7,53.36,0.0,13.34,53.36,3588.4,4949.2,26.5,23.6,5.07,2.04,0.0,0.5,0.2,0.0,2;42,0
2026-08-06T17:44:09Z,994.32,ensayo_01_kinova,Linea_Base_WiFi6,89.98,71.98,0.0,18.0,71.98,4709.8,6807.5,35.1,29.9,31.29,11.6,0.0,0.5,0.2,0.0,2;42,0
2026-08-06T17:44:11Z,996.11,ensayo_01_kinova,Linea_Base_WiFi6,123.14,98.51,0.0,24.63,98.51,5723.1,10038.5,39.8,29.7,5.04,1.04,0.0,0.5,0.2,0.0,2;42,0
2026-08-06T17:44:13Z,997.85,ensayo_01_kinova,Linea_Base_WiFi6,72.99,58.39,0.0,14.6,58.39,4311.2,5031.8,32.7,24.1,13.1,3.77,0.0,0.5,0.2,0.0,2;42,0
2026-08-06T17:44:14Z,999.6,ensayo_01_kinova,Linea_Base_WiFi6,95.89,76.71,0.0,19.18,76.71,4735.5,7538.9,38.3,28.6,5.41,0.92,0.0,0.5,0.2,0.0,2;42,0
2026-08-06T17:44:16Z,1001.34,ensayo_01_kinova,Linea_Base_WiFi6,63.26,50.61,0.0,12.65,50.61,3900.5,4196.4,30.4,25.2,43.47,35.55,0.0,0.5,0.2,0.0,2;42,0
2026-08-06T17:44:18Z,1003.09,ensayo_01_kinova,Linea_Base_WiFi6,101.6,81.28,0.0,20.32,81.28,5171.8,7833.6,37.3,31.5,9.31,4.61,0.0,0.5,0.2,0.0,2;42,0
2026-08-06T17:44:19Z,1004.83,ensayo_01_kinova,Linea_Base_WiFi6,78.24,62.59,0.0,15.65,62.59,4591.7,5422.6,35.0,27.0,24.08,10.04,0.0,0.5,0.2,0.0,2;42,0
2026-08-06T17:44:21Z,1006.6,ensayo_01_kinova,Linea_Base_WiFi6,49.15,39.32,0.0,9.83,39.32,2941.3,3350.5,24.8,18.6,12.21,5.22,0.0,0.5,0.2,0.0,2;42,0
2026-08-06T17:44:23Z,1008.36,ensayo_01_kinova,Linea_Base_WiFi6,111.24,88.99,0.0,22.25,88.99,5825.9,8413.0,46.7,36.4,9.12,4.44,0.0,0.5,0.2,0.0,2;42,0
2026-08-06T17:44:25Z,1010.11,ensayo_01_kinova,Linea_Base_WiFi6,77.65,62.12,0.0,15.53,62.12,4531.9,5407.8,35.4,26.8,7.82,0.64,0.0,0.5,0.2,0.0,2;42,0
2026-08-06T17:44:27Z,1011.85,ensayo_01_kinova,Linea_Base_WiFi6,98.43,78.74,0.0,19.69,78.74,5014.7,7584.8,36.1,28.1,44.1,27.8,0.0,0.5,0.2,0.0,2;42,0
2026-08-06T17:44:28Z,1013.61,ensayo_01_kinova,Linea_Base_WiFi6,68.56,54.85,0.0,13.71,54.85,3776.9,4998.6,30.2,24.5,4.51,1.16,0.0,0.5,0.2,0.0,2;42,0
2026-08-06T17:44:30Z,1015.35,ensayo_01_kinova,Linea_Base_WiFi6,90.62,72.5,0.0,18.12,72.5,4783.2,6815.7,36.7,30.4,15.02,2.36,0.0,0.5,0.2,0.0,2;42,0
2026-08-06T17:44:32Z,1017.1,ensayo_01_kinova,Linea_Base_WiFi6,74.25,59.4,0.0,14.85,59.4,4297.4,5206.6,32.0,26.8,9.47,4.39,0.0,0.5,0.2,0.0,2;42,0
2026-08-06T17:44:34Z,1018.85,ensayo_01_kinova,Linea_Base_WiFi6,136.89,109.51,0.0,27.38,109.51,7848.2,9673.7,49.1,40.0,10.82,3.81,0.0,0.5,0.2,0.0,2;42,0
2026-08-06T17:44:35Z,1020.6,ensayo_01_kinova,Linea_Base_WiFi6,668.19,534.55,0.0,133.64,534.55,15595.0,69933.8,114.6,76.8,19.66,12.24,0.0,0.5,0.2,0.0,2;42,0
2026-08-06T17:44:37Z,1022.37,ensayo_01_kinova,Linea_Base_WiFi6,317.91,254.33,0.0,63.58,254.33,15858.5,24834.5,75.2,54.8,15.63,5.83,0.0,0.5,0.2,0.0,2;42,0
2026-08-06T17:44:39Z,1024.13,ensayo_01_kinova,Linea_Base_WiFi6,557.98,446.38,0.0,111.6,446.38,17355.9,54065.6,91.9,74.9,21.58,10.8,0.0,0.5,0.2,0.0,2;42,0
2026-08-06T17:44:41Z,1025.9,ensayo_01_kinova,Linea_Base_WiFi6,172.01,137.61,0.0,34.4,137.61,8512.9,13504.7,46.3,39.5,5.37,0.72,0.0,0.5,0.2,0.0,2;42,0
2026-08-06T17:44:42Z,1027.65,ensayo_01_kinova,Linea_Base_WiFi6,504.66,403.73,0.0,100.93,403.73,6940.3,57656.2,64.7,53.3,10.65,5.63,0.0,0.5,0.2,0.0,2;42,0
2026-08-06T17:44:44Z,1029.4,ensayo_01_kinova,Linea_Base_WiFi6,99.52,79.62,0.0,19.9,79.62,5284.6,7454.3,36.5,35.3,7.14,3.12,0.0,0.5,0.2,0.0,2;42,0
2026-08-06T17:44:46Z,1031.15,ensayo_01_kinova,Linea_Base_WiFi6,88.37,70.7,0.0,17.67,70.7,4367.8,6943.7,31.5,29.2,3.23,0.26,0.0,0.5,0.2,0.0,2;42,0
2026-08-06T17:44:48Z,1032.89,ensayo_01_kinova,Linea_Base_WiFi6,73.0,58.4,0.0,14.6,58.4,3959.7,5384.7,26.4,24.7,22.11,4.47,0.0,0.5,0.2,0.0,2;42,0
2026-08-06T17:44:49Z,1034.65,ensayo_01_kinova,Linea_Base_WiFi6,51.72,41.38,0.0,10.34,41.38,2992.6,3628.1,24.4,22.7,9.74,4.9,0.0,0.5,0.2,0.0,2;42,0
2026-08-06T17:44:51Z,1036.41,ensayo_01_kinova,Linea_Base_WiFi6,298.09,238.47,0.0,59.62,238.47,13931.8,24223.1,77.4,56.9,23.62,17.03,0.0,0.5,0.2,0.0,2;42,0
2026-08-06T17:44:53Z,1038.19,ensayo_01_kinova,Linea_Base_WiFi6,84.61,67.69,0.0,16.92,67.69,4993.3,5836.3,36.5,33.2,11.63,5.54,0.0,0.5,0.2,0.0,2;42,0
2026-08-06T17:44:55Z,1039.95,ensayo_01_kinova,Linea_Base_WiFi6,296.65,237.32,0.0,59.33,237.32,21177.6,16793.5,58.7,47.3,6.95,2.76,0.0,0.5,0.2,0.0,2;42,0
2026-08-06T17:44:56Z,1041.69,ensayo_01_kinova,Linea_Base_WiFi6,270.96,216.77,0.0,54.19,216.77,21638.1,13045.1,66.6,51.1,5.11,0.26,0.0,0.5,0.2,0.0,2;42,0
2026-08-06T17:44:58Z,1043.43,ensayo_01_kinova,Linea_Base_WiFi6,119.08,95.26,0.0,23.82,95.26,6459.6,8782.9,41.9,36.7,6.85,0.31,0.0,0.5,0.2,0.0,2;42,0
2026-08-06T17:45:00Z,1045.18,ensayo_01_kinova,Linea_Base_WiFi6,232.64,186.11,0.0,46.53,186.11,18482.7,11294.6,61.9,47.0,4.94,1.27,0.0,0.5,0.2,0.0,2;42,0
2026-08-06T17:45:02Z,1046.92,ensayo_01_kinova,Linea_Base_WiFi6,97.46,77.97,0.0,19.49,77.97,4912.9,7562.3,33.3,27.0,16.92,3.11,0.0,0.5,0.2,0.0,2;42,0
2026-08-06T17:45:03Z,1048.68,ensayo_01_kinova,Linea_Base_WiFi6,78.05,62.44,0.0,15.61,62.44,4463.4,5527.2,33.5,28.4,31.94,24.23,0.0,0.5,0.2,0.0,2;42,0
2026-08-06T17:45:05Z,1050.47,ensayo_01_kinova,Linea_Base_WiFi6,98.5,78.8,0.0,19.7,78.8,4616.7,7990.8,35.7,29.0,5.39,1.54,0.0,0.5,0.2,0.0,2;42,0
2026-08-06T17:45:07Z,1052.21,ensayo_01_kinova,Linea_Base_WiFi6,101.8,81.44,0.0,20.36,81.44,5034.9,7995.6,34.5,30.4,4.58,0.13,0.0,0.5,0.2,0.0,2;42,0
2026-08-06T17:45:09Z,1053.96,ensayo_01_kinova,Linea_Base_WiFi6,99.67,79.74,0.0,19.93,79.74,5412.0,7346.3,41.3,32.7,7.73,1.42,0.0,0.5,0.2,0.0,2;42,0
2026-08-06T17:45:10Z,1055.7,ensayo_01_kinova,Linea_Base_WiFi6,81.37,65.1,0.0,16.27,65.1,4094.9,6321.0,33.2,27.4,10.41,1.31,0.0,0.5,0.2,0.0,2;42,0
2026-08-06T17:45:12Z,1057.45,ensayo_01_kinova,Linea_Base_WiFi6,31.53,25.22,0.0,6.31,25.22,1760.3,2275.1,18.3,17.7,12.18,6.39,0.0,0.5,0.2,0.0,2;42,0
2026-08-06T17:45:14Z,1059.2,ensayo_01_kinova,Linea_Base_WiFi6,38.0,30.4,0.0,7.6,30.4,2235.5,2628.8,22.9,20.1,12.12,1.17,0.0,0.5,0.2,0.0,2;42,0
2026-08-06T17:45:16Z,1060.95,ensayo_01_kinova,Linea_Base_WiFi6,17.08,13.66,0.0,3.42,13.66,1011.7,1174.8,10.3,10.8,4.17,0.55,0.0,0.5,0.2,0.0,2;42,0
2026-08-06T17:45:17Z,1062.7,ensayo_01_kinova,Linea_Base_WiFi6,26.35,21.08,0.0,5.27,21.08,1663.9,1709.2,16.6,14.9,10.69,2.92,0.0,0.5,0.2,0.0,2;42,0
2026-08-06T17:45:19Z,1064.45,ensayo_01_kinova,Linea_Base_WiFi6,31.1,24.88,0.0,6.22,24.88,1881.4,2098.9,20.0,20.0,20.82,9.07,0.0,0.5,0.2,0.0,2;42,0
2026-08-06T17:45:21Z,1066.2,ensayo_01_kinova,Linea_Base_WiFi6,42.38,33.9,0.0,8.48,33.9,3677.3,1747.7,16.6,16.0,25.52,14.69,0.0,0.5,0.2,0.0,2;42,0
2026-08-06T17:45:23Z,1067.95,ensayo_01_kinova,Linea_Base_WiFi6,18.55,14.84,0.0,3.71,14.84,1120.3,1254.6,12.0,12.0,7.68,3.06,0.0,0.5,0.2,0.0,2;42,0
2026-08-06T17:45:24Z,1069.69,ensayo_01_kinova,Linea_Base_WiFi6,24.1,19.28,0.0,4.82,19.28,1404.2,1680.8,14.9,15.5,7.2,1.4,0.0,0.5,0.2,0.0,2;42,0
2026-08-06T17:45:26Z,1071.43,ensayo_01_kinova,Linea_Base_WiFi6,26.52,21.22,0.0,5.3,21.22,1551.9,1842.1,15.5,16.1,10.56,6.16,0.0,0.5,0.2,0.0,2;42,0
2026-08-06T17:45:28Z,1073.19,ensayo_01_kinova,Linea_Base_WiFi6,24.59,19.67,0.0,4.92,19.67,1471.5,1676.1,16.5,15.4,6.12,0.72,0.0,0.5,0.2,0.0,2;42,0
2026-08-06T17:45:30Z,1074.93,ensayo_01_kinova,Linea_Base_WiFi6,20.94,16.75,0.0,4.19,16.75,1289.2,1390.8,14.4,14.4,18.28,14.49,0.0,0.5,0.2,0.0,2;42,0
2026-08-06T17:45:31Z,1076.67,ensayo_01_kinova,Linea_Base_WiFi6,83.14,66.51,0.0,16.63,66.51,8944.1,1698.3,21.8,15.5,7.57,0.45,0.0,0.5,0.2,0.0,2;42,0
2026-08-06T17:45:33Z,1078.42,ensayo_01_kinova,Linea_Base_WiFi6,29.97,23.98,0.0,5.99,23.98,1827.3,2009.0,20.1,18.3,4.0,0.29,0.0,0.5,0.2,0.0,2;42,0
2026-08-06T17:45:35Z,1080.16,ensayo_01_kinova,Linea_Base_WiFi6,25.78,20.62,0.0,5.16,20.62,1578.8,1720.6,17.8,16.1,4.97,0.74,0.0,0.5,0.2,0.0,2;42,0
2026-08-06T17:45:37Z,1081.91,ensayo_01_kinova,Linea_Base_WiFi6,18.25,14.6,0.0,3.65,14.6,1122.6,1213.1,12.0,11.5,6.57,2.58,0.0,0.5,0.2,0.0,2;42,0
2026-08-06T17:45:38Z,1083.65,ensayo_01_kinova,Linea_Base_WiFi6,25.94,20.75,0.0,5.19,20.75,1546.6,1773.9,17.2,16.6,10.79,0.1,0.0,0.5,0.2,0.0,2;42,0
2026-08-06T17:45:40Z,1085.4,ensayo_01_kinova,Linea_Base_WiFi6,76.23,60.98,0.0,15.25,60.98,4893.3,4864.7,29.7,24.6,42.21,8.46,0.0,0.5,0.2,0.0,2;42,0
2026-08-06T17:45:42Z,1087.18,ensayo_01_kinova,Linea_Base_WiFi6,1664.11,1331.29,0.0,332.82,1331.29,202789.5,10216.9,133.2,127.0,9.19,1.25,0.0,0.5,0.2,0.0,2;42,0
2026-08-06T17:45:44Z,1088.93,ensayo_01_kinova,Linea_Base_WiFi6,54.19,43.35,0.0,10.84,43.35,5073.0,1863.5,16.6,16.6,51.13,33.43,0.0,0.5,0.2,0.0,2;42,0
2026-08-06T17:45:45Z,1090.75,ensayo_01_kinova,Linea_Base_WiFi6,22.71,18.17,0.0,4.54,18.17,1269.9,1636.5,13.2,15.4,14.28,4.46,0.0,0.5,0.2,0.0,2;42,0
2026-08-06T17:45:47Z,1092.51,ensayo_01_kinova,Linea_Base_WiFi6,27.7,22.16,0.0,5.54,22.16,1738.6,1806.9,18.8,15.4,8.89,2.41,0.0,0.5,0.2,0.0,2;42,0
2026-08-06T17:45:49Z,1094.26,ensayo_01_kinova,Linea_Base_WiFi6,26.97,21.58,0.0,5.39,21.58,1664.2,1787.9,19.5,17.2,17.26,11.58,0.0,0.5,0.2,0.0,2;42,0
2026-08-06T17:45:51Z,1096.02,ensayo_01_kinova,Linea_Base_WiFi6,16.65,13.32,0.0,3.33,13.32,1045.9,1085.6,11.3,9.6,7.72,4.37,0.0,0.5,0.2,0.0,2;42,0
2026-08-06T17:45:52Z,1097.77,ensayo_01_kinova,Linea_Base_WiFi6,23.39,18.71,0.0,4.68,18.71,1391.7,1601.8,15.4,14.3,6.44,0.04,0.0,0.5,0.2,0.0,2;42,0
2026-08-06T17:45:54Z,1099.52,ensayo_01_kinova,Linea_Base_WiFi6,30.53,24.42,0.0,6.11,24.42,1811.4,2096.9,19.5,20.1,18.32,4.03,0.0,0.5,0.2,0.0,2;42,0
2026-08-06T17:45:56Z,1101.27,ensayo_01_kinova,Linea_Base_WiFi6,24.59,19.67,0.0,4.92,19.67,1475.8,1671.6,16.6,15.4,13.96,1.46,0.0,0.5,0.2,0.0,2;42,0
2026-08-06T17:45:58Z,1103.02,ensayo_01_kinova,Linea_Base_WiFi6,18.58,14.86,0.0,3.72,14.86,1168.5,1210.2,13.1,11.4,19.11,7.59,0.0,0.5,0.2,0.0,2;42,0
2026-08-06T17:45:59Z,1104.78,ensayo_01_kinova,Linea_Base_WiFi6,36.44,29.15,0.0,7.29,29.15,1733.1,2931.7,19.8,19.8,38.85,34.19,0.0,0.5,0.2,0.0,2;42,0
2026-08-06T17:46:01Z,1106.59,ensayo_01_kinova,Linea_Base_WiFi6,45.9,36.72,0.0,9.18,36.72,1652.4,4222.3,18.2,17.7,4.26,0.4,0.0,0.5,0.2,0.0,2;42,0
2026-08-06T17:46:03Z,1108.33,ensayo_01_kinova,Linea_Base_WiFi6,26.2,20.96,0.0,5.24,20.96,1589.5,1764.6,18.4,16.7,3.69,0.44,0.0,0.5,0.2,0.0,2;42,0
2026-08-06T17:46:05Z,1110.07,ensayo_01_kinova,Linea_Base_WiFi6,27.12,21.7,0.0,5.42,21.7,1355.7,2115.2,16.7,13.2,12.76,0.62,0.0,0.5,0.2,0.0,2;42,0
2026-08-06T17:46:06Z,1111.82,ensayo_01_kinova,Linea_Base_WiFi6,23.72,18.98,0.0,4.74,18.98,1431.5,1604.1,16.0,14.3,20.33,2.77,0.0,0.5,0.2,0.0,2;42,0
2026-08-06T17:46:08Z,1113.58,ensayo_01_kinova,Linea_Base_WiFi6,631.82,505.46,0.0,126.36,505.46,9118.4,71754.5,47.2,40.4,7.87,1.14,0.0,0.5,0.2,0.0,2;42,0
2026-08-06T17:46:10Z,1115.32,ensayo_01_kinova,Linea_Base_WiFi6,129.59,103.67,0.0,25.92,103.67,7912.1,8675.1,34.4,29.3,10.53,0.14,0.0,0.5,0.2,0.0,2;42,0
2026-08-06T17:46:12Z,1117.07,ensayo_01_kinova,Linea_Base_WiFi6,1404.83,1123.86,0.0,280.97,1123.86,17369.5,162448.5,52.1,36.7,24.55,14.3,0.0,0.5,0.2,0.0,2;42,0
2026-08-06T17:46:13Z,1118.81,ensayo_01_kinova,Linea_Base_WiFi6,26.26,21.01,0.0,5.25,21.01,1636.4,1725.3,18.9,16.0,4.41,0.13,0.0,0.5,0.2,0.0,2;42,0
2026-08-06T17:46:15Z,1120.55,ensayo_01_kinova,Linea_Base_WiFi6,28.11,22.49,0.0,5.62,22.49,1647.1,1951.5,17.2,17.8,8.73,0.59,0.0,0.5,0.2,0.0,2;42,0
2026-08-06T17:46:17Z,1122.3,ensayo_01_kinova,Linea_Base_WiFi6,22.52,18.02,0.0,4.5,18.02,1311.5,1570.6,13.8,13.8,17.57,13.05,0.0,0.5,0.2,0.0,2;42,0
2026-08-06T17:46:19Z,1124.07,ensayo_01_kinova,Linea_Base_WiFi6,20.16,16.13,0.0,4.03,16.13,1284.5,1295.8,15.3,13.0,8.61,0.56,0.0,0.5,0.2,0.0,2;42,0
2026-08-06T17:46:20Z,1125.81,ensayo_01_kinova,Linea_Base_WiFi6,22.75,18.2,0.0,4.55,18.2,1341.8,1569.8,14.3,13.8,37.24,26.09,0.0,0.5,0.2,0.0,2;42,0
2026-08-06T17:46:22Z,1127.61,ensayo_01_kinova,Linea_Base_WiFi6,25.68,20.54,0.0,5.14,20.54,1502.9,1784.0,15.0,15.6,19.65,13.94,0.0,0.5,0.2,0.0,2;42,0
2026-08-06T17:46:24Z,1129.36,ensayo_01_kinova,Linea_Base_WiFi6,27.21,21.77,0.0,5.44,21.77,1586.5,1896.5,17.8,18.9,12.36,8.08,0.0,0.5,0.2,0.0,2;42,0
2026-08-06T17:46:26Z,1131.11,ensayo_01_kinova,Linea_Base_WiFi6,15.82,12.66,0.0,3.16,12.66,934.4,1090.3,9.1,9.7,16.98,3.59,0.0,0.5,0.2,0.0,2;42,0
2026-08-06T17:46:28Z,1132.87,ensayo_01_kinova,Linea_Base_WiFi6,24.32,19.46,0.0,4.86,19.46,1395.8,1717.3,14.8,16.0,8.87,1.06,0.0,0.5,0.2,0.0,2;42,0
2026-08-06T17:46:29Z,1134.61,ensayo_01_kinova,Linea_Base_WiFi6,27.87,22.3,0.0,5.57,22.3,1626.3,1940.7,16.6,17.8,3.61,0.17,0.0,0.5,0.2,0.0,2;42,0
2026-08-06T17:46:31Z,1136.35,ensayo_01_kinova,Linea_Base_WiFi6,546.01,436.81,0.0,109.2,436.81,9198.5,60690.8,97.7,48.3,12.83,1.21,0.0,0.5,0.2,0.0,2;42,0
2026-08-06T17:46:33Z,1138.1,ensayo_01_kinova,Linea_Base_WiFi6,184.03,147.22,0.0,36.81,147.22,4699.6,18856.7,26.3,30.3,7.91,3.82,0.0,0.5,0.2,0.0,2;42,0
2026-08-06T17:46:35Z,1139.85,ensayo_01_kinova,Linea_Base_WiFi6,618.32,494.66,0.0,123.66,494.66,4654.6,74490.5,56.6,58.3,5.82,0.85,0.0,0.5,0.2,0.0,2;42,0
2026-08-06T17:46:36Z,1141.6,ensayo_01_kinova,Linea_Base_WiFi6,158.93,127.14,0.0,31.79,127.14,4130.5,16212.5,29.2,27.5,5.9,1.43,0.0,0.5,0.2,0.0,2;42,0
2026-08-06T17:46:38Z,1143.34,ensayo_01_kinova,Linea_Base_WiFi6,955.18,764.14,0.0,191.04,764.14,9391.1,112872.2,98.1,71.7,21.12,15.79,0.0,0.5,0.2,0.0,2;42,0
2026-08-06T17:46:40Z,1145.11,ensayo_01_kinova,Linea_Base_WiFi6,58.92,47.14,0.0,11.78,47.14,1940.2,5601.8,20.8,19.2,9.83,4.73,0.0,0.5,0.2,0.0,2;42,0
2026-08-06T17:46:42Z,1146.86,ensayo_01_kinova,Linea_Base_WiFi6,41.84,33.47,0.0,8.37,33.47,1560.9,3794.6,16.6,17.2,36.56,0.68,0.0,0.5,0.2,0.0,2;42,0
2026-08-06T17:46:43Z,1148.63,ensayo_01_kinova,Linea_Base_WiFi6,72.62,58.1,0.0,14.52,58.1,6550.9,2743.9,27.1,24.2,17.2,1.89,0.0,0.5,0.2,0.0,2;42,0
2026-08-06T17:46:45Z,1150.39,ensayo_01_kinova,Linea_Base_WiFi6,761.88,609.5,0.0,152.38,609.5,9512.8,88008.4,85.5,71.2,8.12,0.16,0.0,0.5,0.2,0.0,2;42,0
2026-08-06T17:46:47Z,1152.13,ensayo_01_kinova,Linea_Base_WiFi6,126.84,101.47,0.0,25.37,101.47,5472.4,10763.6,25.8,22.9,4.18,0.78,0.0,0.5,0.2,0.0,2;42,0
2026-08-06T17:46:49Z,1153.87,ensayo_01_kinova,Linea_Base_WiFi6,133.1,106.48,0.0,26.62,106.48,1866.4,15170.9,20.7,23.5,38.61,25.13,0.0,0.5,0.2,0.0,2;42,0
2026-08-06T17:46:50Z,1155.67,ensayo_01_kinova,Linea_Base_WiFi6,1107.79,886.23,0.0,221.56,886.23,10668.1,131128.6,115.5,94.4,6.2,1.4,0.0,0.5,0.2,0.0,2;42,0
2026-08-06T17:46:52Z,1157.41,ensayo_01_kinova,Linea_Base_WiFi6,1070.72,856.58,0.0,214.14,856.58,123611.1,13441.0,90.1,86.1,3.89,0.06,0.0,0.5,0.2,0.0,2;42,0
2026-08-06T17:46:54Z,1159.15,ensayo_01_kinova,Linea_Base_WiFi6,1482.23,1185.78,0.0,296.45,1185.78,88961.6,100763.2,132.2,106.9,6.64,1.37,0.0,0.5,0.2,0.0,2;42,0
2026-08-06T17:46:56Z,1160.9,ensayo_01_kinova,Linea_Base_WiFi6,116.92,93.54,0.0,23.38,93.54,4967.2,9998.1,20.7,22.4,6.79,0.56,0.0,0.5,0.2,0.0,2;42,0
2026-08-06T17:46:57Z,1162.64,ensayo_01_kinova,Linea_Base_WiFi6,177.85,142.28,0.0,35.57,142.28,7977.6,14787.2,30.4,30.4,7.29,1.09,0.0,0.5,0.2,0.0,2;42,0
2026-08-06T17:46:59Z,1164.39,ensayo_01_kinova,Linea_Base_WiFi6,900.42,720.34,0.0,180.08,720.34,5509.1,109744.2,69.4,70.5,8.36,2.21,0.0,0.5,0.2,0.0,2;42,0
2026-08-06T17:47:01Z,1166.13,ensayo_01_kinova,Linea_Base_WiFi6,410.28,328.22,0.0,82.06,328.22,20997.3,31518.3,55.7,47.6,5.15,2.09,0.0,0.5,0.2,0.0,2;42,0
2026-08-06T17:47:03Z,1167.87,ensayo_01_kinova,Linea_Base_WiFi6,464.7,371.76,0.0,92.94,371.76,3697.9,55783.3,44.3,41.4,16.52,7.65,0.0,0.5,0.2,0.0,2;42,0
2026-08-06T17:47:04Z,1169.61,ensayo_01_kinova,Linea_Base_WiFi6,485.4,388.32,0.0,97.08,388.32,5130.6,57000.9,48.7,45.8,4.86,0.05,0.0,0.5,0.2,0.0,2;42,0
2026-08-06T17:47:06Z,1171.35,ensayo_01_kinova,Linea_Base_WiFi6,109.1,87.28,0.0,21.82,87.28,3712.3,10252.9,21.3,20.7,5.42,0.24,0.0,0.5,0.2,0.0,2;42,0
2026-08-06T17:47:08Z,1173.12,ensayo_01_kinova,Linea_Base_WiFi6,78.11,62.49,0.0,15.62,62.49,3946.9,6051.2,36.7,30.5,3.15,0.03,0.0,0.5,0.2,0.0,2;42,0
2026-08-06T17:47:10Z,1174.86,ensayo_01_kinova,Linea_Base_WiFi6,603.24,482.59,0.0,120.65,482.59,7470.5,69744.7,78.7,59.7,27.76,24.82,0.0,0.5,0.2,0.0,2;42,0
2026-08-06T17:47:11Z,1176.66,ensayo_01_kinova,Linea_Base_WiFi6,794.42,635.54,0.0,158.88,635.54,4878.6,96807.3,58.1,60.3,10.78,6.57,0.0,0.5,0.2,0.0,2;42,0
2026-08-06T17:47:13Z,1178.4,ensayo_01_kinova,Linea_Base_WiFi6,814.35,651.48,0.0,162.87,651.48,6991.0,97245.2,75.2,60.3,6.6,1.81,0.0,0.5,0.2,0.0,2;42,0
2026-08-06T17:47:15Z,1180.14,ensayo_01_kinova,Linea_Base_WiFi6,453.4,362.72,0.0,90.68,362.72,5258.7,52776.3,58.6,37.3,11.0,6.12,0.0,0.5,0.2,0.0,2;42,0
2026-08-06T17:47:17Z,1181.89,ensayo_01_kinova,Linea_Base_WiFi6,330.01,264.01,0.0,66.0,264.01,8084.2,34157.0,44.5,43.9,12.34,6.61,0.0,0.5,0.2,0.0,2;42,0
2026-08-06T17:47:18Z,1183.65,ensayo_01_kinova,Linea_Base_WiFi6,217.05,173.64,0.0,43.41,173.64,15122.1,12660.0,59.3,44.4,8.48,4.56,0.0,0.5,0.2,0.0,2;42,0
2026-08-06T17:47:20Z,1185.4,ensayo_01_kinova,Linea_Base_WiFi6,479.85,383.88,0.0,95.97,383.88,3668.8,57752.6,47.4,40.6,11.16,1.98,0.0,0.5,0.2,0.0,2;42,0
2026-08-06T17:47:22Z,1187.15,ensayo_01_kinova,Linea_Base_WiFi6,34.34,27.47,0.0,6.87,27.47,1529.2,2865.9,14.8,12.0,5.25,1.93,0.0,0.5,0.2,0.0,2;42,0
2026-08-06T17:47:24Z,1188.89,ensayo_01_kinova,Linea_Base_WiFi6,28.51,22.81,0.0,5.7,22.81,1669.4,1979.4,18.9,20.1,7.79,4.18,0.0,0.5,0.2,0.0,2;42,0
2026-08-06T17:47:25Z,1190.64,ensayo_01_kinova,Linea_Base_WiFi6,25.82,20.66,0.0,5.16,20.66,1507.8,1796.8,14.8,15.4,7.88,0.23,0.0,0.5,0.2,0.0,2;42,0
2026-08-06T17:47:27Z,1192.39,ensayo_01_kinova,Linea_Base_WiFi6,22.66,18.13,0.0,4.53,18.13,1287.3,1612.9,13.2,14.3,15.64,10.73,0.0,0.5,0.2,0.0,2;42,0
2026-08-06T17:47:29Z,1194.13,ensayo_01_kinova,Linea_Base_WiFi6,19.98,15.98,0.0,4.0,15.98,1202.3,1355.0,13.2,13.8,5.01,1.32,0.0,0.5,0.2,0.0,2;42,0
2026-08-06T17:47:31Z,1195.87,ensayo_01_kinova,Linea_Base_WiFi6,22.57,18.06,0.0,4.51,18.06,1314.8,1574.5,13.8,13.8,17.1,11.36,0.0,0.5,0.2,0.0,2;42,0
2026-08-06T17:47:32Z,1197.61,ensayo_01_kinova,Linea_Base_WiFi6,28.94,23.15,0.0,5.79,23.15,1719.0,1984.9,18.3,18.3,7.45,1.99,0.0,0.5,0.2,0.0,2;42,0
2026-08-06T17:47:34Z,1199.36,ensayo_01_kinova,Linea_Base_WiFi6,125.28,100.22,0.0,25.06,100.22,8348.1,7688.2,44.1,33.8,6.9,0.84,0.0,0.5,0.2,0.0,2;42,0
2026-08-06T17:47:36Z,1201.1,ensayo_01_kinova,Linea_Base_WiFi6,108.93,87.14,0.0,21.79,87.14,6684.9,7257.9,37.9,24.1,8.8,1.93,0.0,0.5,0.2,0.0,2;42,0
2026-08-06T17:47:38Z,1202.85,ensayo_01_kinova,Linea_Base_WiFi6,229.56,183.65,0.0,45.91,183.65,19258.3,10124.9,45.8,31.5,6.27,0.17,0.0,0.5,0.2,0.0,2;42,0
2026-08-06T17:47:39Z,1204.59,ensayo_01_kinova,Linea_Base_WiFi6,90.81,72.65,0.0,18.16,72.65,7460.8,4162.5,32.1,24.1,4.75,1.18,0.0,0.5,0.2,0.0,2;42,0
2026-08-06T17:47:41Z,1206.34,ensayo_01_kinova,Linea_Base_WiFi6,30.83,24.66,0.0,6.17,24.66,1797.7,2147.9,17.2,16.6,11.43,7.53,0.0,0.5,0.2,0.0,2;42,0
2026-08-06T17:47:43Z,1208.09,ensayo_01_kinova,Linea_Base_WiFi6,19.98,15.98,0.0,4.0,15.98,1057.9,1499.2,11.4,11.4,20.55,12.29,0.0,0.5,0.2,0.0,2;42,0
2026-08-06T17:47:45Z,1209.84,ensayo_01_kinova,Linea_Base_WiFi6,112.22,89.78,0.0,22.44,89.78,7138.1,7225.8,31.6,25.8,14.35,2.74,0.0,0.5,0.2,0.0,2;42,0
2026-08-06T17:47:46Z,1211.58,ensayo_01_kinova,Linea_Base_WiFi6,27.36,21.89,0.0,5.47,21.89,1676.1,1826.0,16.6,15.4,5.19,0.12,0.0,0.5,0.2,0.0,2;42,0
2026-08-06T17:47:48Z,1213.33,ensayo_01_kinova,Linea_Base_WiFi6,54.4,43.52,0.0,10.88,43.52,4013.3,2949.5,19.0,17.2,13.57,8.48,0.0,0.5,0.2,0.0,2;42,0
2026-08-06T17:47:50Z,1215.09,ensayo_01_kinova,Linea_Base_WiFi6,193.67,154.94,0.0,38.73,154.94,10472.8,14316.5,40.3,27.8,22.11,16.5,0.0,0.5,0.2,0.0,2;42,0
2026-08-06T17:47:52Z,1216.86,ensayo_01_kinova,Linea_Base_WiFi6,40.48,32.38,0.0,8.1,32.38,2922.3,2258.5,21.9,17.4,9.07,0.58,0.0,0.5,0.2,0.0,2;42,0
2026-08-06T17:47:53Z,1218.61,ensayo_01_kinova,Linea_Base_WiFi6,29.92,23.94,0.0,5.98,23.94,1857.0,1973.2,18.9,16.6,13.22,1.48,0.0,0.5,0.2,0.0,2;42,0
2026-08-06T17:47:55Z,1220.36,ensayo_01_kinova,Linea_Base_WiFi6,221.92,177.54,0.0,44.38,177.54,18151.4,10254.4,45.2,33.7,8.38,3.53,0.0,0.5,0.2,0.0,2;42,0
2026-08-06T17:47:57Z,1222.1,ensayo_01_kinova,Linea_Base_WiFi6,216.01,172.81,0.0,43.2,172.81,15788.7,11860.6,60.3,38.5,5.91,2.58,0.0,0.5,0.2,0.0,2;42,0
2026-08-06T17:47:59Z,1223.85,ensayo_01_kinova,Linea_Base_WiFi6,27.38,21.9,0.0,5.48,21.9,1772.5,1732.3,21.2,16.0,3.36,0.42,0.0,0.5,0.2,0.0,2;42,0
2026-08-06T17:48:00Z,1225.59,ensayo_01_kinova,Linea_Base_WiFi6,26.33,21.06,0.0,5.27,21.06,1598.2,1771.8,16.7,15.0,6.19,0.46,0.0,0.5,0.2,0.0,2;42,0
2026-08-06T17:48:02Z,1227.33,ensayo_01_kinova,Linea_Base_WiFi6,26.3,21.04,0.0,5.26,21.04,1719.7,1646.9,21.2,14.9,5.78,1.95,0.0,0.5,0.2,0.0,2;42,0
2026-08-06T17:48:04Z,1229.07,ensayo_01_kinova,Linea_Base_WiFi6,20.43,16.34,0.0,4.09,16.34,1258.8,1356.6,14.4,13.8,5.88,1.92,0.0,0.5,0.2,0.0,2;42,0
2026-08-06T17:48:05Z,1230.81,ensayo_01_kinova,Linea_Base_WiFi6,23.06,18.45,0.0,4.61,18.45,1454.8,1497.3,16.6,12.6,12.06,8.49,0.0,0.5,0.2,0.0,2;42,0
2026-08-06T17:48:07Z,1232.6,ensayo_01_kinova,Linea_Base_WiFi6,67.23,53.78,0.0,13.45,53.78,5211.4,3393.4,31.9,24.1,3.23,0.31,0.0,0.5,0.2,0.0,2;42,0
2026-08-06T17:48:09Z,1234.34,ensayo_01_kinova,Linea_Base_WiFi6,101.43,81.14,0.0,20.29,81.14,5378.5,7604.9,35.6,26.4,6.25,1.52,0.0,0.5,0.2,0.0,2;42,0
2026-08-06T17:48:11Z,1236.08,ensayo_01_kinova,Linea_Base_WiFi6,70.62,56.5,0.0,14.12,56.5,3385.3,5653.7,25.2,21.7,6.81,0.47,0.0,0.5,0.2,0.0,2;42,0
2026-08-06T17:48:12Z,1237.83,ensayo_01_kinova,Linea_Base_WiFi6,21.76,17.41,0.0,4.35,17.41,1250.2,1535.2,12.6,13.2,4.11,1.09,0.0,0.5,0.2,0.0,2;42,0
2026-08-06T17:48:14Z,1239.57,ensayo_01_kinova,Linea_Base_WiFi6,30.44,24.35,0.0,6.09,24.35,1910.9,1985.1,21.8,18.4,59.41,43.96,0.0,0.5,0.2,0.0,2;42,0
2026-08-06T17:48:16Z,1241.32,ensayo_01_kinova,Linea_Base_WiFi6,50.53,40.42,0.0,10.11,40.42,3306.9,3160.4,22.8,18.3,4.07,0.66,0.0,0.5,0.2,0.0,2;42,0
2026-08-06T17:48:18Z,1243.07,ensayo_01_kinova,Linea_Base_WiFi6,105.35,84.28,0.0,21.07,84.28,5485.8,7999.0,36.1,30.4,16.58,7.7,0.0,0.5,0.2,0.0,2;42,0
2026-08-06T17:48:19Z,1244.81,ensayo_01_kinova,Linea_Base_WiFi6,76.46,61.17,0.0,15.29,61.17,4385.6,5401.9,32.0,26.9,4.93,1.94,0.0,0.5,0.2,0.0,2;42,0
2026-08-06T17:48:21Z,1246.56,ensayo_01_kinova,Linea_Base_WiFi6,95.54,76.43,0.0,19.11,76.43,4613.8,7615.7,33.8,27.5,8.3,3.36,0.0,0.5,0.2,0.0,2;42,0
2026-08-06T17:48:23Z,1248.31,ensayo_01_kinova,Linea_Base_WiFi6,60.33,48.26,0.0,12.07,48.26,3799.5,3922.4,30.9,22.9,6.6,1.11,0.0,0.5,0.2,0.0,2;42,0
2026-08-06T17:48:25Z,1250.05,ensayo_01_kinova,Linea_Base_WiFi6,100.28,80.22,0.0,20.06,80.22,5160.8,7675.3,38.4,29.8,10.23,7.1,0.0,0.5,0.2,0.0,2;42,0
2026-08-06T17:48:26Z,1251.79,ensayo_01_kinova,Linea_Base_WiFi6,131.22,104.98,0.0,26.24,104.98,7023.7,9771.9,52.3,52.3,3.64,0.07,0.0,0.5,0.2,0.0,0;2,0
2026-08-06T17:48:28Z,1253.53,ensayo_01_kinova,Linea_Base_WiFi6,62.32,49.86,0.0,12.46,49.86,3440.5,4537.0,28.7,36.7,8.48,4.63,0.0,0.5,0.2,0.0,0;2,0
2026-08-06T17:48:30Z,1255.28,ensayo_01_kinova,Linea_Base_WiFi6,101.91,81.53,0.0,20.38,81.53,5087.5,7956.4,34.9,32.0,11.55,0.32,0.0,0.5,0.2,0.0,0;2,0
2026-08-06T17:48:32Z,1257.04,ensayo_01_kinova,Linea_Base_WiFi6,84.92,67.94,0.0,16.98,67.94,4876.5,5993.1,39.3,35.9,12.53,8.54,0.0,0.5,0.2,0.0,0;2,0
2026-08-06T17:48:33Z,1258.8,ensayo_01_kinova,Linea_Base_WiFi6,106.94,85.55,0.0,21.39,85.55,5265.5,8422.7,38.7,33.5,3.48,0.09,0.0,0.5,0.2,0.0,0;2,0
2026-08-06T17:48:35Z,1260.54,ensayo_01_kinova,Linea_Base_WiFi6,69.86,55.89,0.0,13.97,55.89,3807.0,5135.3,28.1,24.7,6.32,1.43,0.0,0.5,0.2,0.0,0;2,0
2026-08-06T17:48:37Z,1262.29,ensayo_01_kinova,Linea_Base_WiFi6,78.14,62.51,0.0,15.63,62.51,3829.4,6172.7,26.3,22.3,5.91,1.62,0.0,0.5,0.2,0.0,0;2,0
2026-08-06T17:48:39Z,1264.03,ensayo_01_kinova,Linea_Base_WiFi6,83.84,67.07,0.0,16.77,67.07,4935.5,5795.7,39.5,30.9,4.77,0.07,0.0,0.5,0.2,0.0,0;2,0
2026-08-06T17:48:40Z,1265.77,ensayo_01_kinova,Linea_Base_WiFi6,108.02,86.42,0.0,21.6,86.42,5341.5,8485.5,38.5,32.1,10.94,5.0,0.0,0.5,0.2,0.0,0;2,0
2026-08-06T17:48:42Z,1267.53,ensayo_01_kinova,Linea_Base_WiFi6,151.06,120.85,0.0,30.21,120.85,8258.4,11077.4,34.8,38.8,16.34,9.62,0.0,0.5,0.2,0.0,0;2,0
2026-08-06T17:48:44Z,1269.29,ensayo_01_kinova,Linea_Base_WiFi6,618.43,494.74,0.0,123.69,494.74,70755.9,8403.0,74.3,64.7,6.49,0.01,0.0,0.5,0.2,0.0,0;2,0
2026-08-06T17:48:46Z,1271.03,ensayo_01_kinova,Linea_Base_WiFi6,1258.37,1006.7,0.0,251.67,1006.7,146469.4,14601.7,135.8,110.6,11.03,3.47,0.0,0.5,0.2,0.0,0;2,0
2026-08-06T17:48:47Z,1272.78,ensayo_01_kinova,Linea_Base_WiFi6,81.01,64.81,0.0,16.2,64.81,4628.0,5741.9,34.9,30.9,5.22,0.57,0.0,0.5,0.2,0.0,0;2,0
2026-08-06T17:48:49Z,1274.53,ensayo_01_kinova,Linea_Base_WiFi6,101.46,81.17,0.0,20.29,81.17,4829.6,8157.3,37.2,30.9,8.59,1.53,0.0,0.5,0.2,0.0,0;2,0
2026-08-06T17:48:51Z,1276.27,ensayo_01_kinova,Linea_Base_WiFi6,49.55,39.64,0.0,9.91,39.64,3079.2,3263.5,22.3,17.7,4.94,1.62,0.0,0.5,0.2,0.0,0;2,0
2026-08-06T17:48:53Z,1278.02,ensayo_01_kinova,Linea_Base_WiFi6,109.32,87.46,0.0,21.86,87.46,5442.3,8550.6,39.6,32.7,3.87,0.5,0.0,0.5,0.2,0.0,0;2,0
2026-08-06T17:48:54Z,1279.76,ensayo_01_kinova,Linea_Base_WiFi6,79.87,63.9,0.0,15.97,63.9,4536.3,5686.5,33.9,31.0,5.3,0.08,0.0,0.5,0.2,0.0,0;2,0
2026-08-06T17:48:56Z,1281.5,ensayo_01_kinova,Linea_Base_WiFi6,54.24,43.39,0.0,10.85,43.39,3186.8,3755.8,25.8,22.3,4.81,0.91,0.0,0.5,0.2,0.0,0;2,0
2026-08-06T17:48:58Z,1283.25,ensayo_01_kinova,Linea_Base_WiFi6,95.63,76.5,0.0,19.13,76.5,4519.1,7721.8,30.4,27.0,8.03,0.37,0.0,0.5,0.2,0.0,0;2,0
2026-08-06T17:49:00Z,1284.99,ensayo_01_kinova,Linea_Base_WiFi6,147.77,118.22,0.0,29.55,118.22,8898.4,10015.7,44.6,38.9,6.43,2.16,0.0,0.5,0.2,0.0,0;2,0
2026-08-06T17:49:01Z,1286.74,ensayo_01_kinova,Linea_Base_WiFi6,97.12,77.7,0.0,19.42,77.7,4597.6,7834.3,35.5,27.5,14.15,3.88,0.0,0.5,0.2,0.0,0;2,0
2026-08-06T17:49:03Z,1288.5,ensayo_01_kinova,Linea_Base_WiFi6,83.01,66.41,0.0,16.6,66.41,4810.8,5814.1,37.5,31.3,43.06,0.0,50.0,0.5,0.2,0.0,0;2,0
2026-08-06T17:49:05Z,1290.34,ensayo_01_kinova,Linea_Base_WiFi6,85.5,68.4,0.0,17.1,68.4,4385.8,6557.5,34.3,27.2,19.34,11.88,0.0,0.5,0.2,0.0,0;2,0
2026-08-06T17:49:07Z,1292.11,ensayo_01_kinova,Linea_Base_WiFi6,69.95,55.96,0.0,13.99,55.96,4066.8,4886.8,29.4,22.6,22.0,17.42,0.0,0.5,0.2,0.0,0;2,0
2026-08-06T17:49:09Z,1293.88,ensayo_01_kinova,Linea_Base_WiFi6,105.96,84.77,0.0,21.19,84.77,5179.6,8383.5,37.7,34.3,6.54,3.3,0.0,0.5,0.2,0.0,0;2,0
2026-08-06T17:49:10Z,1295.62,ensayo_01_kinova,Linea_Base_WiFi6,54.66,43.73,0.0,10.93,43.73,3153.4,3842.8,25.3,23.6,7.58,4.3,0.0,0.5,0.2,0.0,0;2,0
2026-08-06T17:49:12Z,1297.38,ensayo_01_kinova,Linea_Base_WiFi6,75.49,60.39,0.0,15.1,60.39,4220.3,5442.9,29.7,27.4,3.49,0.52,0.0,0.5,0.2,0.0,0;2,0
2026-08-06T17:49:14Z,1299.12,ensayo_01_kinova,Linea_Base_WiFi6,101.64,81.31,0.0,20.33,81.31,4981.5,8028.0,35.0,29.8,5.24,1.19,0.0,0.5,0.2,0.0,0;2,0
2026-08-06T17:49:16Z,1300.86,ensayo_01_kinova,Linea_Base_WiFi6,77.9,62.32,0.0,15.58,62.32,4401.8,5569.0,32.1,29.3,11.66,2.97,0.0,0.5,0.2,0.0,0;2,0
2026-08-06T17:49:17Z,1302.61,ensayo_01_kinova,Linea_Base_WiFi6,100.96,80.77,0.0,20.19,80.77,4767.8,8155.2,36.1,30.9,25.72,6.59,0.0,0.5,0.2,0.0,0;2,0
2026-08-06T17:49:19Z,1304.38,ensayo_01_kinova,Linea_Base_WiFi6,60.29,48.23,0.0,12.06,48.23,3660.8,4056.0,28.2,25.4,19.01,12.9,0.0,0.5,0.2,0.0,0;2,0
2026-08-06T17:49:21Z,1306.13,ensayo_01_kinova,Linea_Base_WiFi6,97.56,78.05,0.0,19.51,78.05,4717.6,7770.4,30.9,25.8,5.8,1.54,0.0,0.5,0.2,0.0,0;2,0
2026-08-06T17:49:23Z,1307.87,ensayo_01_kinova,Linea_Base_WiFi6,75.34,60.27,0.0,15.07,60.27,4253.6,5389.4,29.8,26.3,4.57,1.57,0.0,0.5,0.2,0.0,0;2,0
2026-08-06T17:49:24Z,1309.62,ensayo_01_kinova,Linea_Base_WiFi6,57.44,45.95,0.0,11.49,45.95,3383.7,3969.0,28.7,25.8,16.35,5.0,0.0,0.5,0.2,0.0,0;2,0
2026-08-06T17:49:26Z,1311.38,ensayo_01_kinova,Linea_Base_WiFi6,101.99,81.59,0.0,20.4,81.59,4868.8,8185.7,32.9,30.0,6.78,1.58,0.0,0.5,0.2,0.0,0;2,0
2026-08-06T17:49:28Z,1313.13,ensayo_01_kinova,Linea_Base_WiFi6,70.34,56.27,0.0,14.07,56.27,4013.4,4990.4,27.5,23.5,14.68,10.7,0.0,0.5,0.2,0.0,0;2,0
2026-08-06T17:49:30Z,1314.9,ensayo_01_kinova,Linea_Base_WiFi6,107.69,86.15,0.0,21.54,86.15,5355.7,8428.0,40.2,34.0,16.76,7.19,0.0,0.5,0.2,0.0,0;2,0
2026-08-06T17:49:31Z,1316.65,ensayo_01_kinova,Linea_Base_WiFi6,72.11,57.69,0.0,14.42,57.69,3966.3,5263.9,31.4,26.8,15.0,2.25,0.0,0.5,0.2,0.0,0;2,0
2026-08-06T17:49:33Z,1318.41,ensayo_01_kinova,Linea_Base_WiFi6,90.89,72.71,0.0,18.18,72.71,4520.9,7113.1,34.6,32.9,37.33,31.2,0.0,0.5,0.2,0.0,0;2,0
2026-08-06T17:49:35Z,1320.22,ensayo_01_kinova,Linea_Base_WiFi6,74.31,59.45,0.0,14.86,59.45,4304.1,5206.9,33.7,29.3,10.8,6.14,0.0,0.5,0.2,0.0,0;2,0
2026-08-06T17:49:37Z,1321.98,ensayo_01_kinova,Linea_Base_WiFi6,103.08,82.46,0.0,20.62,82.46,5016.6,8177.8,34.7,29.6,14.07,1.31,0.0,0.5,0.2,0.0,0;2,0
2026-08-06T17:49:38Z,1323.73,ensayo_01_kinova,Linea_Base_WiFi6,132.4,105.92,0.0,26.48,105.92,9518.8,7428.8,54.7,42.1,4.9,0.22,0.0,0.5,0.2,0.0,0;2,0
2026-08-06T17:49:40Z,1325.47,ensayo_01_kinova,Linea_Base_WiFi6,907.8,726.24,0.0,181.56,726.24,33372.9,82825.3,140.0,105.0,10.17,6.07,0.0,0.5,0.2,0.0,0;2,0
2026-08-06T17:49:42Z,1327.23,ensayo_01_kinova,Linea_Base_WiFi6,737.32,589.86,0.0,147.46,589.86,8623.0,85753.9,87.7,67.8,13.68,5.58,0.0,0.5,0.2,0.0,0;2,0
2026-08-06T17:49:44Z,1328.99,ensayo_01_kinova,Linea_Base_WiFi6,374.69,299.75,0.0,74.94,299.75,18281.3,29679.5,75.1,69.4,21.79,18.55,0.0,0.5,0.2,0.0,0;2,0
2026-08-06T17:49:45Z,1330.73,ensayo_01_kinova,Linea_Base_WiFi6,891.72,713.38,0.0,178.34,713.38,14333.7,99807.0,110.0,80.7,5.82,1.75,0.0,0.5,0.2,0.0,0;2,0
2026-08-06T17:49:47Z,1332.48,ensayo_01_kinova,Linea_Base_WiFi6,599.04,479.23,0.0,119.81,479.23,10067.4,66609.5,85.5,68.8,10.41,2.99,0.0,0.5,0.2,0.0,0;2,0
2026-08-06T17:49:49Z,1334.22,ensayo_01_kinova,Linea_Base_WiFi6,978.44,782.75,0.0,195.69,782.75,12197.5,113043.0,119.7,99.1,5.23,1.1,0.0,0.5,0.2,0.0,0;2;16;42,0
2026-08-06T17:49:51Z,1335.97,ensayo_01_kinova,Linea_Base_WiFi6,311.65,249.32,0.0,62.33,249.32,10153.4,29737.7,59.6,51.0,4.24,1.05,0.0,0.5,0.2,0.0,0;2;16;42,0
2026-08-06T17:49:52Z,1337.71,ensayo_01_kinova,Linea_Base_WiFi6,1102.27,881.82,0.0,220.45,881.82,9239.0,131851.0,97.0,90.1,9.63,3.02,0.0,0.5,0.2,0.0,0;2;16;42,0
2026-08-06T17:49:54Z,1339.45,ensayo_01_kinova,Linea_Base_WiFi6,324.82,259.86,0.0,64.96,259.86,20015.5,21560.9,91.1,61.3,34.2,23.93,0.0,0.5,0.2,0.0,0;2;16;42,0
2026-08-06T17:49:56Z,1341.25,ensayo_01_kinova,Linea_Base_WiFi6,99.38,79.5,0.0,19.88,79.5,6165.7,6554.7,35.1,27.9,19.52,2.45,0.0,0.5,0.2,0.0,0;2;16;42,0
2026-08-06T17:49:58Z,1343.01,ensayo_01_kinova,Linea_Base_WiFi6,1762.53,1410.02,0.0,352.51,1410.02,208303.5,17299.9,161.5,141.6,8.61,3.61,0.0,0.5,0.2,0.0,0;2;16;42,0
2026-08-06T17:49:59Z,1344.76,ensayo_01_kinova,Linea_Base_WiFi6,148.75,119.0,0.0,29.75,119.0,8673.2,10367.5,44.0,38.3,8.63,2.94,0.0,0.5,0.2,0.0,0;2;16;42,0
2026-08-06T17:50:01Z,1346.5,ensayo_01_kinova,Linea_Base_WiFi6,326.48,261.18,0.0,65.3,261.18,16069.7,25719.6,59.5,48.0,12.75,6.36,0.0,0.5,0.2,0.0,0;2;16;42,0
2026-08-06T17:50:03Z,1348.26,ensayo_01_kinova,Linea_Base_WiFi6,192.95,154.36,0.0,38.59,154.36,14400.3,10297.3,45.5,35.3,14.06,10.59,0.0,0.5,0.2,0.0,0;2;16;42,0
2026-08-06T17:50:05Z,1350.0,ensayo_01_kinova,Linea_Base_WiFi6,258.61,206.89,0.0,51.72,206.89,16753.8,16348.2,79.3,55.7,6.35,1.25,0.0,0.5,0.2,0.0,0;2;16;42,0
2026-08-06T17:50:06Z,1351.75,ensayo_01_kinova,Linea_Base_WiFi6,147.49,117.99,0.0,29.5,117.99,6754.9,12123.8,50.4,36.7,35.51,13.25,0.0,0.5,0.2,0.0,0;2;16;42,0
2026-08-06T17:50:08Z,1353.51,ensayo_01_kinova,Linea_Base_WiFi6,84.01,67.21,0.0,16.8,67.21,5123.5,5629.2,34.1,25.6,5.5,0.58,0.0,0.5,0.2,0.0,0;2;16;42,0
2026-08-06T17:50:10Z,1355.25,ensayo_01_kinova,Linea_Base_WiFi6,116.67,93.34,0.0,23.33,93.34,7857.5,7076.5,36.7,29.8,49.17,0.0,50.0,0.5,0.2,0.0,0;2;16;42,0
2026-08-06T17:50:12Z,1357.09,ensayo_01_kinova,Linea_Base_WiFi6,76.28,61.02,0.0,15.26,61.02,4101.5,5662.9,29.4,25.6,22.8,19.26,0.0,0.5,0.2,0.0,0;2;16;42,0
2026-08-06T17:50:13Z,1358.83,ensayo_01_kinova,Linea_Base_WiFi6,135.78,108.62,0.0,27.16,108.62,6296.2,11083.5,44.3,36.2,4.33,1.53,0.0,0.5,0.2,0.0,0;2;16;42,0
2026-08-06T17:50:15Z,1360.57,ensayo_01_kinova,Linea_Base_WiFi6,64.29,51.43,0.0,12.86,51.43,3752.7,4477.0,29.2,27.5,9.85,2.19,0.0,0.5,0.2,0.0,0;2;16;42,0
2026-08-06T17:50:17Z,1362.32,ensayo_01_kinova,Linea_Base_WiFi6,103.82,83.06,0.0,20.76,83.06,4793.4,8495.9,32.7,29.2,5.84,0.51,0.0,0.5,0.2,0.0,0;2;16;42,0
2026-08-06T17:50:19Z,1364.06,ensayo_01_kinova,Linea_Base_WiFi6,82.89,66.31,0.0,16.58,66.31,4481.5,6128.0,33.2,29.8,9.6,2.35,0.0,0.5,0.2,0.0,0;2;16;42,0
2026-08-06T17:50:20Z,1365.81,ensayo_01_kinova,Linea_Base_WiFi6,115.18,92.14,0.0,23.04,92.14,5505.4,9237.8,41.1,32.0,4.6,1.57,0.0,0.5,0.2,0.0,0;2;16;42,0
2026-08-06T17:50:22Z,1367.55,ensayo_01_kinova,Linea_Base_WiFi6,71.62,57.3,0.0,14.32,57.3,3694.1,5473.6,28.7,23.5,4.17,1.09,0.0,0.5,0.2,0.0,0;2;16;42,0
2026-08-06T17:50:24Z,1369.3,ensayo_01_kinova,Linea_Base_WiFi6,57.7,46.16,0.0,11.54,46.16,3486.5,3899.1,26.9,21.8,27.09,0.25,0.0,0.5,0.2,0.0,0;2;16;42,0
2026-08-06T17:50:26Z,1371.07,ensayo_01_kinova,Linea_Base_WiFi6,110.73,88.58,0.0,22.15,88.58,5279.4,8894.3,39.1,33.4,6.25,0.26,0.0,0.5,0.2,0.0,0;2;16;42,0
2026-08-06T17:50:27Z,1372.81,ensayo_01_kinova,Linea_Base_WiFi6,85.33,68.26,0.0,17.07,68.26,4642.3,6280.2,34.4,30.4,20.09,4.76,0.0,0.5,0.2,0.0,0;2;16;42,0
2026-08-06T17:50:29Z,1374.56,ensayo_01_kinova,Linea_Base_WiFi6,147.07,117.66,0.0,29.41,117.66,11598.4,7226.2,37.1,29.6,3.67,0.06,0.0,0.5,0.2,0.0,0;2;16;42,0
2026-08-06T17:50:31Z,1376.31,ensayo_01_kinova,Linea_Base_WiFi6,77.07,61.66,0.0,15.41,61.66,4197.2,5668.2,30.4,25.8,13.61,8.44,0.0,0.5,0.2,0.0,0;2;16;42,0
2026-08-06T17:50:33Z,1378.07,ensayo_01_kinova,Linea_Base_WiFi6,109.96,87.97,0.0,21.99,87.97,5281.1,8793.6,39.6,31.7,7.54,3.93,0.0,0.5,0.2,0.0,0;2;16;42,0
2026-08-06T17:50:34Z,1379.82,ensayo_01_kinova,Linea_Base_WiFi6,86.85,69.48,0.0,17.37,69.48,4780.9,6336.1,36.1,31.0,11.98,0.03,0.0,0.5,0.2,0.0,0;2;16;42,0
2026-08-06T17:50:36Z,1381.57,ensayo_01_kinova,Linea_Base_WiFi6,53.57,42.86,0.0,10.71,42.86,2852.9,4004.2,22.3,20.6,40.05,36.3,0.0,0.5,0.2,0.0,0;2;16;42,0
2026-08-06T17:50:38Z,1383.33,ensayo_01_kinova,Linea_Base_WiFi6,102.78,82.22,0.0,20.56,82.22,4676.9,8478.4,31.8,30.6,5.89,1.77,0.0,0.5,0.2,0.0,0;2;16;42,0
2026-08-06T17:50:40Z,1385.08,ensayo_01_kinova,Linea_Base_WiFi6,127.93,102.34,0.0,25.59,102.34,5348.0,11026.8,44.1,36.6,9.56,5.94,0.0,0.5,0.2,0.0,0;2;16;42,0
2026-08-06T17:50:41Z,1386.83,ensayo_01_kinova,Linea_Base_WiFi6,242.26,193.81,0.0,48.45,193.81,14775.2,16233.6,74.7,51.3,13.98,8.16,0.0,0.5,0.2,0.0,0;2;16;42,0
2026-08-06T17:50:43Z,1388.59,ensayo_01_kinova,Linea_Base_WiFi6,232.06,185.65,0.0,46.41,185.65,20034.6,9669.4,64.2,42.6,5.17,2.28,0.0,0.5,0.2,0.0,0;2;16;42,0
2026-08-06T17:50:45Z,1390.33,ensayo_01_kinova,Linea_Base_WiFi6,215.52,172.42,0.0,43.1,172.42,12358.7,15228.3,54.0,40.8,4.69,0.11,0.0,0.5,0.2,0.0,0;2;16;42,0
2026-08-06T17:50:47Z,1392.07,ensayo_01_kinova,Linea_Base_WiFi6,129.89,103.91,0.0,25.98,103.91,7046.5,9579.8,49.3,35.5,5.15,1.71,0.0,0.5,0.2,0.0,0;2;16;42,0
2026-08-06T17:50:48Z,1393.82,ensayo_01_kinova,Linea_Base_WiFi6,88.08,70.46,0.0,17.62,70.46,4967.8,6306.2,39.0,30.4,4.34,0.7,0.0,0.5,0.2,0.0,0;2;16;42,0
2026-08-06T17:50:50Z,1395.56,ensayo_01_kinova,Linea_Base_WiFi6,112.73,90.18,0.0,22.55,90.18,5363.7,9065.5,44.1,36.7,10.01,3.04,0.0,0.5,0.2,0.0,0;2;16;42,0
2026-08-06T17:50:52Z,1397.3,ensayo_01_kinova,Linea_Base_WiFi6,81.63,65.3,0.0,16.33,65.3,5439.5,5009.0,51.6,33.2,11.05,5.42,0.0,0.5,0.2,0.0,0;2;16;42,0
2026-08-06T17:50:54Z,1399.06,ensayo_01_kinova,Linea_Base_WiFi6,144.49,115.59,0.0,28.9,115.59,7868.5,10626.4,71.8,48.4,8.5,0.32,0.0,0.5,0.2,0.0,0;2;16;42,0
2026-08-06T17:50:55Z,1400.81,ensayo_01_kinova,Linea_Base_WiFi6,87.52,70.02,0.0,17.5,70.02,4996.6,6206.3,40.6,29.2,5.79,0.18,0.0,0.5,0.2,0.0,0;2;16;42,0
2026-08-06T17:50:57Z,1402.55,ensayo_01_kinova,Linea_Base_WiFi6,53.67,42.94,0.0,10.73,42.94,3134.1,3735.5,27.5,20.0,9.04,1.71,0.0,0.5,0.2,0.0,0;2;16;42,0
2026-08-06T17:50:59Z,1404.3,ensayo_01_kinova,Linea_Base_WiFi6,106.25,85.0,0.0,21.25,85.0,5090.0,8509.6,38.4,29.8,11.3,7.43,0.0,0.5,0.2,0.0,0;2;16;42,0
2026-08-06T17:51:01Z,1406.06,ensayo_01_kinova,Linea_Base_WiFi6,86.59,69.27,0.0,17.32,69.27,4800.4,6283.3,39.8,29.6,5.02,1.08,0.0,0.5,0.2,0.0,0;2;16;42,0
2026-08-06T17:51:02Z,1407.8,ensayo_01_kinova,Linea_Base_WiFi6,112.98,90.38,0.0,22.6,90.38,5451.8,9010.2,39.6,32.2,15.54,11.39,0.0,0.5,0.2,0.0,0;2;16;42,0
2026-08-06T17:51:04Z,1409.56,ensayo_01_kinova,Linea_Base_WiFi6,78.04,62.43,0.0,15.61,62.43,4212.9,5776.7,37.4,30.0,4.86,0.2,0.0,0.5,0.2,0.0,0;2;16;42,0
2026-08-06T17:51:06Z,1411.31,ensayo_01_kinova,Linea_Base_WiFi6,86.31,69.05,0.0,17.26,69.05,4196.1,6852.0,30.9,28.1,4.37,0.13,0.0,0.5,0.2,0.0,0;2;16;42,0
2026-08-06T17:51:08Z,1413.05,ensayo_01_kinova,Linea_Base_WiFi6,82.78,66.22,0.0,16.56,66.22,4544.4,6050.8,35.0,29.3,6.33,1.86,0.0,0.5,0.2,0.0,0;2;16;42,0
2026-08-06T17:51:09Z,1414.8,ensayo_01_kinova,Linea_Base_WiFi6,117.15,93.72,0.0,23.43,93.72,5550.6,9444.0,41.2,36.1,16.43,11.98,0.0,0.5,0.2,0.0,0;2;16;42,0
2026-08-06T17:51:11Z,1416.57,ensayo_01_kinova,Linea_Base_WiFi6,53.85,43.08,0.0,10.77,43.08,3068.2,3825.2,26.6,22.1,30.22,3.65,0.0,0.5,0.2,0.0,0;2;16;42,0
2026-08-06T17:51:13Z,1418.34,ensayo_01_kinova,Linea_Base_WiFi6,77.31,61.85,0.0,15.46,61.85,4294.4,5600.8,33.8,26.5,19.3,15.17,0.0,0.5,0.2,0.0,0;2;16;42,0
2026-08-06T17:51:15Z,1420.09,ensayo_01_kinova,Linea_Base_WiFi6,116.19,92.95,0.0,23.24,92.95,5696.4,9175.7,45.3,36.7,5.91,2.55,0.0,0.5,0.2,0.0,0;2;16;42,0
2026-08-06T17:51:16Z,1421.83,ensayo_01_kinova,Linea_Base_WiFi6,90.02,72.02,0.0,18.0,72.02,4952.2,6570.9,39.5,31.5,6.66,0.26,0.0,0.5,0.2,0.0,0;2;16;42,0
2026-08-06T17:51:18Z,1423.58,ensayo_01_kinova,Linea_Base_WiFi6,103.15,82.52,0.0,20.63,82.52,4734.9,8468.7,37.8,29.8,5.37,1.41,0.0,0.5,0.2,0.0,0;2;16;42,0
2026-08-06T17:51:20Z,1425.32,ensayo_01_kinova,Linea_Base_WiFi6,57.46,45.97,0.0,11.49,45.97,3455.9,3899.5,26.4,22.4,5.32,1.52,0.0,0.5,0.2,0.0,0;2;16;42,0
2026-08-06T17:51:22Z,1427.06,ensayo_01_kinova,Linea_Base_WiFi6,108.55,86.84,0.0,21.71,86.84,5110.7,8783.1,35.6,30.5,15.56,1.27,0.0,0.5,0.2,0.0,0;2;16;42,0
2026-08-06T17:51:23Z,1428.81,ensayo_01_kinova,Linea_Base_WiFi6,85.8,68.64,0.0,17.16,68.64,4760.3,6222.0,36.5,30.3,5.7,1.62,0.0,0.5,0.2,0.0,0;2;16;42,0
2026-08-06T17:51:25Z,1430.56,ensayo_01_kinova,Linea_Base_WiFi6,56.99,45.59,0.0,11.4,45.59,3104.9,4189.4,26.4,23.5,6.33,2.17,0.0,0.5,0.2,0.0,0;2;16;42,0
2026-08-06T17:51:27Z,1432.3,ensayo_01_kinova,Linea_Base_WiFi6,122.84,98.27,0.0,24.57,98.27,6331.1,9392.0,52.2,39.0,6.23,1.79,0.0,0.5,0.2,0.0,0;2;16;42,0
2026-08-06T17:51:29Z,1434.05,ensayo_01_kinova,Linea_Base_WiFi6,82.23,65.78,0.0,16.45,65.78,4504.4,6021.0,33.8,28.6,5.19,0.91,0.0,0.5,0.2,0.0,0;2;16;42,0
2026-08-06T17:51:30Z,1435.79,ensayo_01_kinova,Linea_Base_WiFi6,123.24,98.59,0.0,24.65,98.59,6117.8,9657.3,47.6,40.7,6.26,2.19,0.0,0.5,0.2,0.0,0;2;16;42,0
2026-08-06T17:51:32Z,1437.54,ensayo_01_kinova,Linea_Base_WiFi6,90.84,72.67,0.0,18.17,72.67,4981.0,6647.0,44.6,35.5,5.43,0.71,0.0,0.5,0.2,0.0,0;2;16;42,0
2026-08-06T17:51:34Z,1439.28,ensayo_01_kinova,Linea_Base_WiFi6,94.59,75.67,0.0,18.92,75.67,4934.3,7172.7,40.8,31.0,4.46,0.08,0.0,0.5,0.2,0.0,0;2;16;42,0
2026-08-06T17:51:36Z,1441.03,ensayo_01_kinova,Linea_Base_WiFi6,89.99,71.99,0.0,18.0,71.99,5145.1,6373.6,41.8,32.1,3.96,0.38,0.0,0.5,0.2,0.0,0;2;16;42,0
2026-08-06T17:51:37Z,1442.77,ensayo_01_kinova,Linea_Base_WiFi6,135.71,108.57,0.0,27.14,108.57,6784.5,10586.9,52.8,41.3,12.01,7.99,0.0,0.5,0.2,0.0,0;2;16;42,0
2026-08-06T17:51:39Z,1444.51,ensayo_01_kinova,Linea_Base_WiFi6,56.0,44.8,0.0,11.2,44.8,3135.2,4033.4,27.0,23.5,14.64,4.38,0.0,0.5,0.2,0.0,0;2;16;42,0
2026-08-06T17:51:41Z,1446.27,ensayo_01_kinova,Linea_Base_WiFi6,21.61,17.29,0.0,4.32,17.29,1244.4,1521.6,14.2,12.5,13.04,9.45,0.0,0.5,0.2,0.0,0;2;16;42,0
2026-08-06T17:51:43Z,1448.03,ensayo_01_kinova,Linea_Base_WiFi6,25.97,20.78,0.0,5.19,20.78,1360.9,1963.5,14.8,15.3,8.55,3.89,0.0,0.5,0.2,0.0,0;2;16;42,0
2026-08-06T17:51:44Z,1449.77,ensayo_01_kinova,Linea_Base_WiFi6,67.48,53.98,0.0,13.5,53.98,5541.9,3095.4,20.6,21.8,11.7,8.11,0.0,0.5,0.2,0.0,0;2;16;42,0
2026-08-06T17:51:46Z,1451.53,ensayo_01_kinova,Linea_Base_WiFi6,27.05,21.64,0.0,5.41,21.64,1406.8,2056.1,15.4,17.6,4.1,0.18,0.0,0.5,0.2,0.0,0;2;16;42,0
2026-08-06T17:51:48Z,1453.27,ensayo_01_kinova,Linea_Base_WiFi6,74.93,59.94,0.0,14.99,59.94,4993.2,4597.8,14.9,18.4,37.8,27.41,0.0,0.5,0.2,0.0,0;2;16;42,0
2026-08-06T17:51:50Z,1455.08,ensayo_01_kinova,Linea_Base_WiFi6,1636.23,1308.98,0.0,327.25,1308.98,197798.0,11639.6,139.2,128.1,14.26,6.3,0.0,0.5,0.2,0.0,0;2;16;42,0
2026-08-06T17:51:51Z,1456.82,ensayo_01_kinova,Linea_Base_WiFi6,25.86,20.69,0.0,5.17,20.69,1510.4,1799.9,14.9,15.4,33.86,20.51,0.0,0.5,0.2,0.0,0;2;16;42,0
2026-08-06T17:51:53Z,1458.62,ensayo_01_kinova,Linea_Base_WiFi6,24.68,19.74,0.0,4.94,19.74,1283.9,1875.6,13.4,15.1,20.93,15.33,0.0,0.5,0.2,0.0,0;2;16;42,0
2026-08-06T17:51:55Z,1460.39,ensayo_01_kinova,Linea_Base_WiFi6,19.11,15.29,0.0,3.82,15.29,1156.5,1289.5,12.4,13.0,5.07,0.33,0.0,0.5,0.2,0.0,0;2;16;42,0
2026-08-06T17:51:57Z,1462.13,ensayo_01_kinova,Linea_Base_WiFi6,26.04,20.83,0.0,5.21,20.83,1411.7,1920.9,15.5,15.5,6.34,1.36,0.0,0.5,0.2,0.0,0;2;16;42,0
2026-08-06T17:51:59Z,1463.88,ensayo_01_kinova,Linea_Base_WiFi6,28.6,22.88,0.0,5.72,22.88,1714.8,1945.4,18.4,17.8,6.42,0.67,0.0,0.5,0.2,0.0,0;2;16;42,0
2026-08-06T17:52:00Z,1465.62,ensayo_01_kinova,Linea_Base_WiFi6,27.85,22.28,0.0,5.57,22.28,1660.2,1904.4,18.3,18.9,9.55,5.66,0.0,0.5,0.2,0.0,0;2;16;42,0
2026-08-06T17:52:02Z,1467.37,ensayo_01_kinova,Linea_Base_WiFi6,145.66,116.53,0.0,29.13,116.53,10336.0,8308.9,47.1,37.9,3.97,0.04,0.0,0.5,0.2,0.0,0;2;16;42,0
2026-08-06T17:52:04Z,1469.11,ensayo_01_kinova,Linea_Base_WiFi6,34.59,27.67,0.0,6.92,27.67,2044.0,2383.3,20.7,19.5,22.3,10.04,0.0,0.5,0.2,0.0,0;2;16;42,0
2026-08-06T17:52:06Z,1470.88,ensayo_01_kinova,Linea_Base_WiFi6,29.98,23.98,0.0,6.0,23.98,1640.8,2196.8,17.0,18.1,13.25,1.3,0.0,0.5,0.2,0.0,0;2;16;42,0
2026-08-06T17:52:07Z,1472.63,ensayo_01_kinova,Linea_Base_WiFi6,27.05,21.64,0.0,5.41,21.64,1643.2,1819.1,17.7,16.6,17.88,14.47,0.0,0.5,0.2,0.0,0;2;16;42,0
2026-08-06T17:52:09Z,1474.4,ensayo_01_kinova,Linea_Base_WiFi6,23.57,18.86,0.0,4.71,18.86,1561.4,1455.2,17.5,14.7,3.54,0.33,0.0,0.5,0.2,0.0,0;2;16;42,0
2026-08-06T17:52:11Z,1476.14,ensayo_01_kinova,Linea_Base_WiFi6,102.09,81.67,0.0,20.42,81.67,5337.1,7730.2,49.9,36.7,11.46,4.14,0.0,0.5,0.2,0.0,0;2;16;42,0
2026-08-06T17:52:13Z,1477.89,ensayo_01_kinova,Linea_Base_WiFi6,41.96,33.57,0.0,8.39,33.57,2614.9,2756.5,29.2,23.5,7.9,3.54,0.0,0.5,0.2,0.0,0;2;16;42,0
2026-08-06T17:52:14Z,1479.64,ensayo_01_kinova,Linea_Base_WiFi6,44.51,35.61,0.0,8.9,35.61,2961.6,2736.0,34.3,27.4,6.78,3.3,0.0,0.5,0.2,0.0,0;2;16;42,0
2026-08-06T17:52:16Z,1481.38,ensayo_01_kinova,Linea_Base_WiFi6,71.43,57.14,0.0,14.29,57.14,5200.0,3943.6,62.4,41.2,4.28,0.66,0.0,0.5,0.2,0.0,0;2;16;42,0
2026-08-06T17:52:18Z,1483.38,ensayo_01_kinova,Linea_Base_WiFi6,28.19,22.55,0.0,5.64,22.55,1789.4,1819.0,20.0,17.0,4.88,0.7,0.0,0.5,0.2,0.0,0;2;16;42,0
2026-08-06T17:52:20Z,1485.13,ensayo_01_kinova,Linea_Base_WiFi6,40.98,32.78,0.0,8.2,32.78,2672.1,2572.8,29.3,24.1,5.26,0.41,0.0,0.5,0.2,0.0,0;2;16;42,0
2026-08-06T17:52:22Z,1486.87,ensayo_01_kinova,Linea_Base_WiFi6,24.66,19.73,0.0,4.93,19.73,1373.6,1783.0,14.9,13.2,4.3,0.1,0.0,0.5,0.2,0.0,0;2;16;42,0
2026-08-06T17:52:23Z,1488.7,ensayo_01_kinova,Linea_Base_WiFi6,48.17,38.54,0.0,9.63,38.54,2904.4,3261.9,30.1,23.5,4.57,0.77,0.0,0.5,0.2,0.0,0;2;16;42,0
2026-08-06T17:52:25Z,1490.44,ensayo_01_kinova,Linea_Base_WiFi6,15.81,12.65,0.0,3.16,12.65,941.0,1083.2,10.9,10.9,5.44,1.32,0.0,0.5,0.2,0.0,0;2;16;42,0
2026-08-06T17:52:27Z,1492.18,ensayo_01_kinova,Linea_Base_WiFi6,31.52,25.22,0.0,6.3,25.22,1991.3,2043.0,23.0,19.0,5.01,0.03,0.0,0.5,0.2,0.0,0;2;16;42,0
2026-08-06T17:52:29Z,1493.92,ensayo_01_kinova,Linea_Base_WiFi6,66.8,53.44,0.0,13.36,53.44,4011.6,4538.4,35.6,32.2,5.35,1.52,0.0,0.5,0.2,0.0,0;2;16;42,0
2026-08-06T17:52:30Z,1495.67,ensayo_01_kinova,Linea_Base_WiFi6,34.97,27.98,0.0,6.99,27.98,2245.7,2230.2,21.2,18.9,5.13,0.43,0.0,0.5,0.2,0.0,0;2;16;42,0
2026-08-06T17:52:32Z,1497.41,ensayo_01_kinova,Linea_Base_WiFi6,81.92,65.54,0.0,16.38,65.54,3941.5,6544.8,32.7,20.7,4.17,0.37,0.0,0.5,0.2,0.0,0;2;16;42,0
2026-08-06T17:52:34Z,1499.15,ensayo_01_kinova,Linea_Base_WiFi6,42.13,33.7,0.0,8.43,33.7,2360.8,3031.6,23.5,23.0,9.57,4.25,0.0,0.5,0.2,0.0,0;2;16;42,0
2026-08-06T17:52:36Z,1500.89,ensayo_01_kinova,Linea_Base_WiFi6,32.78,26.22,0.0,6.56,26.22,1784.5,2410.9,18.4,17.2,11.28,2.67,0.0,0.5,0.2,0.0,0;2;16;42,0
2026-08-06T17:52:37Z,1502.65,ensayo_01_kinova,Linea_Base_WiFi6,28.68,22.94,0.0,5.74,22.94,1618.7,2053.0,16.6,15.4,4.95,1.31,0.0,0.5,0.2,0.0,0;2;16;42,0
2026-08-06T17:52:39Z,1504.39,ensayo_01_kinova,Linea_Base_WiFi6,16.45,13.16,0.0,3.29,13.16,1005.5,1100.1,11.5,10.9,4.41,0.09,0.0,0.5,0.2,0.0,0;2;16;42,0
2026-08-06T17:52:41Z,1506.13,ensayo_01_kinova,Linea_Base_WiFi6,28.18,22.54,0.0,5.64,22.54,1628.4,1978.9,16.6,17.8,8.36,1.04,0.0,0.5,0.2,0.0,0;2;16;42,0
2026-08-06T17:52:43Z,1507.88,ensayo_01_kinova,Linea_Base_WiFi6,27.42,21.94,0.0,5.48,21.94,1695.2,1814.9,17.2,16.6,7.93,2.12,0.0,0.5,0.2,0.0,0;2;16;42,0
2026-08-06T17:52:44Z,1509.62,ensayo_01_kinova,Linea_Base_WiFi6,96.67,77.34,0.0,19.33,77.34,9006.7,3366.6,34.4,27.5,4.21,0.01,0.0,0.5,0.2,0.0,0;2;16;42,0
2026-08-06T17:52:46Z,1511.36,ensayo_01_kinova,Linea_Base_WiFi6,47.82,38.26,0.0,9.56,38.26,3480.9,2639.9,41.9,28.1,4.11,1.02,0.0,0.5,0.2,0.0,0;2;16;42,0
2026-08-06T17:52:48Z,1513.11,ensayo_01_kinova,Linea_Base_WiFi6,38.54,30.83,0.0,7.71,30.83,2452.6,2480.7,27.6,23.0,4.4,0.72,0.0,0.5,0.2,0.0,0;2;16;42,0
2026-08-06T17:52:50Z,1514.85,ensayo_01_kinova,Linea_Base_WiFi6,36.72,29.38,0.0,7.34,29.38,2368.4,2332.3,27.0,22.9,8.09,3.59,0.0,0.5,0.2,0.0,0;2;16;42,0
2026-08-06T17:52:51Z,1516.59,ensayo_01_kinova,Linea_Base_WiFi6,46.03,36.82,0.0,9.21,36.82,3112.8,2778.9,35.0,25.8,4.57,0.61,0.0,0.5,0.2,0.0,0;2;16;42,0
2026-08-06T17:52:53Z,1518.34,ensayo_01_kinova,Linea_Base_WiFi6,46.56,37.25,0.0,9.31,37.25,3098.3,2861.8,33.9,24.7,3.07,0.02,0.0,0.5,0.2,0.0,0;2;16;42,0
2026-08-06T17:52:55Z,1520.07,ensayo_01_kinova,Linea_Base_WiFi6,75.4,60.32,0.0,15.08,60.32,4878.6,4772.2,38.5,32.8,13.54,8.51,0.0,0.5,0.2,0.0,0;2;16;42,0
2026-08-06T17:52:56Z,1521.82,ensayo_01_kinova,Linea_Base_WiFi6,29.56,23.65,0.0,5.91,23.65,1862.1,1921.7,21.2,17.8,6.48,0.04,0.0,0.5,0.2,0.0,0;2;16;42,0
2026-08-06T17:52:58Z,1523.56,ensayo_01_kinova,Linea_Base_WiFi6,76.39,61.11,0.0,15.28,61.11,4359.6,5417.8,23.5,24.1,6.11,2.34,0.0,0.5,0.2,0.0,0;2;16;42,0
2026-08-06T17:53:00Z,1525.3,ensayo_01_kinova,Linea_Base_WiFi6,1683.45,1346.76,0.0,336.69,1346.76,203238.0,12244.0,157.9,131.5,8.67,3.92,0.0,0.5,0.2,0.0,0;2;16;42,0
2026-08-06T17:53:02Z,1527.04,ensayo_01_kinova,Linea_Base_WiFi6,61.26,49.01,0.0,12.25,49.01,3573.1,4268.5,37.9,27.5,9.79,6.62,0.0,0.5,0.2,0.0,0;2;16;42,0
2026-08-06T17:53:03Z,1528.8,ensayo_01_kinova,Linea_Base_WiFi6,56.59,45.27,0.0,11.32,45.27,3976.6,3267.3,46.8,31.9,12.88,0.43,0.0,0.5,0.2,0.0,0;2;16;42,0
2026-08-06T17:53:05Z,1530.55,ensayo_01_kinova,Linea_Base_WiFi6,77.16,61.73,0.0,15.43,61.73,3892.1,5985.0,36.6,30.3,5.42,0.8,0.0,0.5,0.2,0.0,0;2;16;42,0
2026-08-06T17:53:07Z,1532.3,ensayo_01_kinova,Linea_Base_WiFi6,14.88,11.9,0.0,2.98,11.9,948.5,956.5,12.0,8.6,6.27,2.5,0.0,0.5,0.2,0.0,0;2;16;42,0
2026-08-06T17:53:09Z,1534.04,ensayo_01_kinova,Linea_Base_WiFi6,32.02,25.62,0.0,6.4,25.62,1821.7,2277.2,20.1,19.0,7.64,0.56,0.0,0.5,0.2,0.0,0;2;16;42,0
2026-08-06T17:53:10Z,1535.78,ensayo_01_kinova,Linea_Base_WiFi6,80.75,64.6,0.0,16.15,64.6,3671.1,6664.7,28.7,25.2,13.3,9.59,0.0,0.5,0.2,0.0,0;2;16;42,0
2026-08-06T17:53:12Z,1537.52,ensayo_01_kinova,Linea_Base_WiFi6,18.3,14.64,0.0,3.66,14.64,1161.1,1181.8,13.2,10.9,6.66,0.48,0.0,0.5,0.2,0.0,0;2;16;42,0
2026-08-06T17:53:14Z,1539.26,ensayo_01_kinova,Linea_Base_WiFi6,27.72,22.18,0.0,5.54,22.18,1665.6,1882.4,18.4,18.4,5.06,1.12,0.0,0.5,0.2,0.0,0;2;16;42,0
2026-08-06T17:53:16Z,1541.01,ensayo_01_kinova,Linea_Base_WiFi6,71.13,56.9,0.0,14.23,56.9,4713.0,4391.6,37.3,31.6,4.99,1.79,0.0,0.5,0.2,0.0,0;2;16;42,0
2026-08-06T17:53:17Z,1542.75,ensayo_01_kinova,Linea_Base_WiFi6,113.58,90.86,0.0,22.72,90.86,5152.9,9385.6,45.3,28.7,4.26,0.95,0.0,0.5,0.2,0.0,0;2;16;42,0
2026-08-06T17:53:19Z,1544.49,ensayo_01_kinova,Linea_Base_WiFi6,27.34,21.87,0.0,5.47,21.87,1622.6,1876.9,17.2,16.0,4.11,0.43,0.0,0.5,0.2,0.0,0;2;16;42,0
2026-08-06T17:53:21Z,1546.24,ensayo_01_kinova,Linea_Base_WiFi6,22.12,17.7,0.0,4.42,17.7,1258.2,1572.8,12.6,13.8,5.84,1.67,0.0,0.5,0.2,0.0,0;2;16;42,0
2026-08-06T17:53:23Z,1547.98,ensayo_01_kinova,Linea_Base_WiFi6,58.61,46.89,0.0,11.72,46.89,2962.4,4540.3,26.4,22.4,10.66,7.69,0.0,0.5,0.2,0.0,0;2;16;42,0
2026-08-06T17:53:24Z,1549.73,ensayo_01_kinova,Linea_Base_WiFi6,148.48,118.78,0.0,29.7,118.78,6162.5,12842.7,43.9,37.1,5.17,0.17,0.0,0.5,0.2,0.0,0;2;16;42,0
2026-08-06T17:53:26Z,1551.47,ensayo_01_kinova,Linea_Base_WiFi6,61.2,48.96,0.0,12.24,48.96,3239.1,4594.1,23.0,19.0,10.28,0.27,0.0,0.5,0.2,0.0,0;2;16;42,0
2026-08-06T17:53:28Z,1553.22,ensayo_01_kinova,Linea_Base_WiFi6,79.24,63.39,0.0,15.85,63.39,4273.9,5868.4,30.9,26.9,3.37,0.25,0.0,0.5,0.2,0.0,0;2;16;42,0
2026-08-06T17:53:30Z,1554.97,ensayo_01_kinova,Linea_Base_WiFi6,115.83,92.66,0.0,23.17,92.66,5717.4,9108.8,44.2,34.4,3.2,0.13,0.0,0.5,0.2,0.0,0;2;16;42,0
2026-08-06T17:53:31Z,1556.71,ensayo_01_kinova,Linea_Base_WiFi6,81.22,64.98,0.0,16.24,64.98,4435.3,5961.4,32.7,28.1,3.31,0.04,0.0,0.5,0.2,0.0,0;2;16;42,0
2026-08-06T17:53:33Z,1558.45,ensayo_01_kinova,Linea_Base_WiFi6,68.38,54.7,0.0,13.68,54.7,3426.7,5326.0,25.3,21.8,3.87,0.71,0.0,0.5,0.2,0.0,0;2;16;42,0
2026-08-06T17:53:35Z,1560.19,ensayo_01_kinova,Linea_Base_WiFi6,97.04,77.63,0.0,19.41,77.63,5057.1,7364.2,39.1,31.6,3.46,0.39,0.0,0.5,0.2,0.0,0;2;16;42,0
2026-08-06T17:53:37Z,1561.93,ensayo_01_kinova,Linea_Base_WiFi6,84.6,67.68,0.0,16.92,67.68,4737.3,6091.8,36.2,28.1,3.97,0.53,0.0,0.5,0.2,0.0,0;2;16;42,0
2026-08-06T17:53:38Z,1563.69,ensayo_01_kinova,Linea_Base_WiFi6,108.46,86.77,0.0,21.69,86.77,5142.6,8740.2,37.0,31.3,4.24,0.14,0.0,0.5,0.2,0.0,0;2;16;42,0
2026-08-06T17:53:40Z,1565.43,ensayo_01_kinova,Linea_Base_WiFi6,50.62,40.5,0.0,10.12,40.5,2960.8,3519.0,25.3,19.5,4.04,0.13,0.0,0.5,0.2,0.0,0;2;16;42,0
2026-08-06T17:53:42Z,1567.17,ensayo_01_kinova,Linea_Base_WiFi6,110.8,88.64,0.0,22.16,88.64,5085.3,9096.7,35.6,32.2,3.34,0.03,0.0,0.5,0.2,0.0,0;2;16;42,0
2026-08-06T17:53:44Z,1568.91,ensayo_01_kinova,Linea_Base_WiFi6,123.05,98.44,0.0,24.61,98.44,8942.0,6807.9,39.6,34.4,4.65,1.06,0.0,0.5,0.2,0.0,0;2;16;42,0
2026-08-06T17:53:45Z,1570.65,ensayo_01_kinova,Linea_Base_WiFi6,72.95,58.36,0.0,14.59,58.36,3776.2,5561.4,29.3,25.9,7.27,3.17,0.0,0.5,0.2,0.0,0;2;16;42,0
2026-08-06T17:53:47Z,1572.4,ensayo_01_kinova,Linea_Base_WiFi6,109.35,87.48,0.0,21.87,87.48,5414.0,8583.0,37.2,30.3,4.19,0.36,0.0,0.5,0.2,0.0,0;2;16;42,0
2026-08-06T17:53:49Z,1574.14,ensayo_01_kinova,Linea_Base_WiFi6,186.16,148.93,0.0,37.23,148.93,8458.4,15370.3,59.7,41.3,3.74,0.11,0.0,0.5,0.2,0.0,0;2;16;42,0
2026-08-06T17:53:51Z,1575.88,ensayo_01_kinova,Linea_Base_WiFi6,134.37,107.5,0.0,26.87,107.5,7086.1,10113.5,52.9,41.4,5.0,1.84,0.0,0.5,0.2,0.0,0;2;16;42,0
2026-08-06T17:53:52Z,1577.62,ensayo_01_kinova,Linea_Base_WiFi6,54.95,43.96,0.0,10.99,43.96,3117.6,3915.4,26.4,21.3,12.88,2.1,0.0,0.5,0.2,0.0,0;2;16;42,0
2026-08-06T17:53:54Z,1579.38,ensayo_01_kinova,Linea_Base_WiFi6,118.23,94.58,0.0,23.65,94.58,5926.7,9207.1,46.8,38.2,4.72,0.55,0.0,0.5,0.2,0.0,0;2;16;42,0
2026-08-06T17:53:56Z,1581.12,ensayo_01_kinova,Linea_Base_WiFi6,79.69,63.75,0.0,15.94,63.75,4289.0,5911.7,30.4,27.0,10.36,6.09,0.0,0.5,0.2,0.0,0;2;16;42,0
2026-08-06T17:53:58Z,1582.87,ensayo_01_kinova,Linea_Base_WiFi6,141.98,113.58,0.0,28.4,113.58,6362.7,11810.8,46.7,38.7,21.26,10.8,0.0,0.5,0.2,0.0,0;2;16;42,0
2026-08-06T17:53:59Z,1584.62,ensayo_01_kinova,Linea_Base_WiFi6,143.14,114.51,0.0,28.63,114.51,8635.0,9686.8,39.5,34.4,4.16,0.28,0.0,0.5,0.2,0.0,0;2;16;42,0
2026-08-06T17:54:01Z,1586.36,ensayo_01_kinova,Linea_Base_WiFi6,77.37,61.9,0.0,15.47,61.9,4398.5,5504.9,33.3,24.1,6.47,2.38,0.0,0.5,0.2,0.0,0;2;16;42,0
2026-08-06T17:54:03Z,1588.1,ensayo_01_kinova,Linea_Base_WiFi6,96.43,77.14,0.0,19.29,77.14,4956.8,7386.4,39.6,31.6,4.03,0.59,0.0,0.5,0.2,0.0,0;2;16;42,0
2026-08-06T17:54:05Z,1589.85,ensayo_01_kinova,Linea_Base_WiFi6,86.8,69.44,0.0,17.36,69.44,4668.6,6442.2,34.4,29.8,9.26,3.04,0.0,0.5,0.2,0.0,0;2;16;42,0
2026-08-06T17:54:06Z,1591.59,ensayo_01_kinova,Linea_Base_WiFi6,119.69,95.75,0.0,23.94,95.75,6100.9,9218.8,50.5,41.3,14.99,9.48,0.0,0.5,0.2,0.0,0;2;16;42,0
2026-08-06T17:54:08Z,1593.35,ensayo_01_kinova,Linea_Base_WiFi6,83.49,66.79,0.0,16.7,66.79,4832.8,5854.5,34.6,27.2,3.91,0.01,0.0,0.5,0.2,0.0,0;2;16;42,0
2026-08-06T17:54:10Z,1595.09,ensayo_01_kinova,Linea_Base_WiFi6,119.1,95.28,0.0,23.82,95.28,5742.6,9501.7,42.5,36.2,6.38,0.14,0.0,0.5,0.2,0.0,0;2;16;42,0
2026-08-06T17:54:12Z,1596.84,ensayo_01_kinova,Linea_Base_WiFi6,83.96,67.17,0.0,16.79,67.17,4647.6,6099.9,34.3,28.0,5.53,1.61,0.0,0.5,0.2,0.0,0;2;16;42,0
2026-08-06T17:54:13Z,1598.58,ensayo_01_kinova,Linea_Base_WiFi6,70.43,56.34,0.0,14.09,56.34,3694.7,5319.7,25.9,21.8,7.35,3.63,0.0,0.5,0.2,0.0,0;2;16;42,0
2026-08-06T17:54:15Z,1600.33,ensayo_01_kinova,Linea_Base_WiFi6,257.95,206.36,0.0,51.59,206.36,12096.6,20920.9,94.3,62.3,5.08,1.54,0.0,0.5,0.2,0.0,0;2;16;42,0
2026-08-06T17:54:17Z,1602.08,ensayo_01_kinova,Linea_Base_WiFi6,181.71,145.37,0.0,36.34,145.37,11319.1,11939.5,110.6,72.2,6.95,3.41,0.0,0.5,0.2,0.0,0;2;16;42,0
2026-08-06T17:54:18Z,1603.83,ensayo_01_kinova,Linea_Base_WiFi6,155.12,124.1,0.0,31.02,124.1,8126.6,11728.7,60.6,49.2,6.03,1.87,0.0,0.5,0.2,0.0,0;2;16;42,0
2026-08-06T17:54:20Z,1605.57,ensayo_01_kinova,Linea_Base_WiFi6,67.92,54.34,0.0,13.58,54.34,3504.2,5189.1,25.2,23.5,3.81,0.63,0.0,0.5,0.2,0.0,0;2;16;42,0
2026-08-06T17:54:22Z,1607.31,ensayo_01_kinova,Linea_Base_WiFi6,114.49,91.59,0.0,22.9,91.59,5666.4,8988.3,39.0,31.6,7.38,1.76,0.0,0.5,0.2,0.0,0;2;16;42,0
2026-08-06T17:54:24Z,1609.06,ensayo_01_kinova,Linea_Base_WiFi6,80.86,64.69,0.0,16.17,64.69,4407.9,5942.1,32.1,27.5,4.86,0.76,0.0,0.5,0.2,0.0,0;2;16;42,0
2026-08-06T17:54:25Z,1610.8,ensayo_01_kinova,Linea_Base_WiFi6,67.7,54.16,0.0,13.54,54.16,4283.0,4382.3,31.6,27.0,4.42,0.41,0.0,0.5,0.2,0.0,0;2;16;42,0
2026-08-06T17:54:27Z,1612.55,ensayo_01_kinova,Linea_Base_WiFi6,50.02,40.02,0.0,10.0,40.02,2557.2,3845.0,23.5,17.2,3.52,0.4,0.0,0.5,0.2,0.0,0;2;16;42,0
2026-08-06T17:54:29Z,1614.29,ensayo_01_kinova,Linea_Base_WiFi6,91.07,72.86,0.0,18.21,72.86,5411.0,6245.7,47.1,40.8,4.1,0.65,0.0,0.5,0.2,0.0,0;2;16;42,0
2026-08-06T17:54:31Z,1616.03,ensayo_01_kinova,Linea_Base_WiFi6,176.68,141.34,0.0,35.34,141.34,16914.5,5700.7,59.1,31.0,4.22,0.29,0.0,0.5,0.2,0.0,0;2;16;42,0
2026-08-06T17:54:32Z,1617.77,ensayo_01_kinova,Linea_Base_WiFi6,35.88,28.7,0.0,7.18,28.7,2300.5,2292.5,24.1,20.1,8.07,0.62,0.0,0.5,0.2,0.0,0;2;16;42,0
2026-08-06T17:54:34Z,1619.52,ensayo_01_kinova,Linea_Base_WiFi6,33.82,27.06,0.0,6.76,27.06,2309.3,2019.7,26.3,20.6,8.65,0.14,0.0,0.5,0.2,0.0,0;2;16;42,0
2026-08-06T17:54:36Z,1621.26,ensayo_01_kinova,Linea_Base_WiFi6,119.56,95.65,0.0,23.91,95.65,7650.8,7652.5,63.6,56.1,5.75,1.53,0.0,0.5,0.2,0.0,0;2;16;42,0
2026-08-06T17:54:38Z,1623.01,ensayo_01_kinova,Linea_Base_WiFi6,27.57,22.06,0.0,5.51,22.06,1388.6,2140.8,14.3,14.9,4.89,1.77,0.0,0.5,0.2,0.0,0;2;16;42,0
2026-08-06T17:54:39Z,1624.75,ensayo_01_kinova,Linea_Base_WiFi6,45.91,36.73,0.0,9.18,36.73,3090.6,2786.2,34.4,25.8,4.58,0.52,0.0,0.5,0.2,0.0,0;2;16;42,0
2026-08-06T17:54:41Z,1626.5,ensayo_01_kinova,Linea_Base_WiFi6,59.07,47.26,0.0,11.81,47.26,4210.6,3350.3,49.3,33.8,4.29,0.96,0.0,0.5,0.2,0.0,0;2;16;42,0
2026-08-06T17:54:43Z,1628.24,ensayo_01_kinova,Linea_Base_WiFi6,50.14,40.11,0.0,10.03,40.11,3263.1,3154.5,37.9,27.0,3.68,0.06,0.0,0.5,0.2,0.0,0;2;16;42,0
2026-08-06T17:54:45Z,1629.98,ensayo_01_kinova,Linea_Base_WiFi6,146.69,117.35,0.0,29.34,117.35,10854.8,7921.3,71.2,60.9,10.34,6.76,0.0,0.5,0.2,0.0,0;2;16;42,0
2026-08-06T17:54:46Z,1631.72,ensayo_01_kinova,Linea_Base_WiFi6,81.05,64.84,0.0,16.21,64.84,4906.3,5467.9,39.6,35.6,24.67,15.05,0.0,0.5,0.2,0.0,0;2;16;42,0
2026-08-06T17:54:48Z,1633.5,ensayo_01_kinova,Linea_Base_WiFi6,14.44,11.55,0.0,2.89,11.55,847.6,1001.1,9.6,10.1,10.07,0.38,0.0,0.5,0.2,0.0,0;2;16;42,0
2026-08-06T17:54:50Z,1635.25,ensayo_01_kinova,Linea_Base_WiFi6,29.53,23.62,0.0,5.91,23.62,1725.0,2055.3,17.1,18.9,4.26,0.72,0.0,0.5,0.2,0.0,0;2;16;42,0
2026-08-06T17:54:52Z,1636.99,ensayo_01_kinova,Linea_Base_WiFi6,1792.77,1434.22,0.0,358.55,1434.22,211351.2,18122.8,154.8,142.2,7.7,2.21,0.0,0.5,0.2,0.0,0;2;16;42,0
2026-08-06T17:54:53Z,1638.74,ensayo_01_kinova,Linea_Base_WiFi6,111.37,89.1,0.0,22.27,89.1,8359.5,5895.5,33.8,27.5,3.48,0.19,0.0,0.5,0.2,0.0,0;2;16;42,0
2026-08-06T17:54:55Z,1640.48,ensayo_01_kinova,Linea_Base_WiFi6,20.76,16.61,0.0,4.15,16.61,1049.1,1607.8,12.0,11.5,7.58,0.85,0.0,0.5,0.2,0.0,0;2;16;42,0
2026-08-06T17:54:57Z,1642.23,ensayo_01_kinova,Linea_Base_WiFi6,37.77,30.22,0.0,7.55,30.22,2323.0,2512.0,24.1,20.6,7.82,4.15,0.0,0.5,0.2,0.0,0;2;16;42,0
2026-08-06T17:54:59Z,1643.97,ensayo_01_kinova,Linea_Base_WiFi6,24.24,19.39,0.0,4.85,19.39,1427.3,1674.9,15.5,15.5,26.62,1.79,0.0,0.5,0.2,0.0,0;2;16;42,0
2026-08-06T17:55:00Z,1645.74,ensayo_01_kinova,Linea_Base_WiFi6,86.55,69.24,0.0,17.31,69.24,4635.4,6443.6,27.2,27.7,5.61,0.41,0.0,0.5,0.2,0.0,0;2;16;42,0
2026-08-06T17:55:02Z,1647.48,ensayo_01_kinova,Linea_Base_WiFi6,30.49,24.39,0.0,6.1,24.39,2528.4,1373.7,11.5,10.9,4.43,0.46,0.0,0.5,0.2,0.0,0;2;16;42,0
2026-08-06T17:55:04Z,1649.22,ensayo_01_kinova,Linea_Base_WiFi6,138.33,110.66,0.0,27.67,110.66,8239.5,9467.0,67.2,63.2,5.98,1.91,0.0,0.5,0.2,0.0,0;2;16;42,0
2026-08-06T17:55:06Z,1650.97,ensayo_01_kinova,Linea_Base_WiFi6,131.15,104.92,0.0,26.23,104.92,13366.4,3420.4,30.4,28.6,6.57,2.73,0.0,0.5,0.2,0.0,0;2;16;42,0
2026-08-06T17:55:07Z,1652.72,ensayo_01_kinova,Linea_Base_WiFi6,24.68,19.74,0.0,4.94,19.74,1435.0,1724.6,13.7,14.3,6.98,1.5,0.0,0.5,0.2,0.0,0;2;16;42,0
2026-08-06T17:55:09Z,1654.46,ensayo_01_kinova,Linea_Base_WiFi6,262.36,209.89,0.0,52.47,209.89,20614.8,12967.4,46.5,49.9,10.22,5.59,0.0,0.5,0.2,0.0,0;2;16;42,0
2026-08-06T17:55:11Z,1656.21,ensayo_01_kinova,Linea_Base_WiFi6,70.09,56.07,0.0,14.02,56.07,3560.3,5411.2,30.2,24.5,18.51,8.31,0.0,0.5,0.2,0.0,0;2;16;42,0
2026-08-06T17:55:13Z,1657.96,ensayo_01_kinova,Linea_Base_WiFi6,23.44,18.75,0.0,4.69,18.75,1456.0,1544.6,16.6,13.2,4.29,1.0,0.0,0.5,0.2,0.0,0;2;16;42,0
2026-08-06T17:55:14Z,1659.71,ensayo_01_kinova,Linea_Base_WiFi6,95.12,76.1,0.0,19.02,76.1,4590.1,7585.2,44.7,27.5,8.55,3.06,0.0,0.5,0.2,0.0,0;2;16;42,0
2026-08-06T17:55:16Z,1661.45,ensayo_01_kinova,Linea_Base_WiFi6,14.2,11.36,0.0,2.84,11.36,870.4,947.8,10.3,9.2,15.59,7.59,0.0,0.5,0.2,0.0,0;2;16;42,0
2026-08-06T17:55:18Z,1663.2,ensayo_01_kinova,Linea_Base_WiFi6,35.55,28.44,0.0,7.11,28.44,2074.0,2476.3,19.5,17.2,4.88,0.57,0.0,0.5,0.2,0.0,0;2;16;42,0
2026-08-06T17:55:20Z,1664.94,ensayo_01_kinova,Linea_Base_WiFi6,32.0,25.6,0.0,6.4,25.6,2026.7,2068.6,22.4,19.5,10.76,5.14,0.0,0.5,0.2,0.0,0;2;16;42,0
2026-08-06T17:55:21Z,1666.68,ensayo_01_kinova,Linea_Base_WiFi6,37.85,30.28,0.0,7.57,30.28,2477.1,2368.0,27.0,21.2,8.5,0.2,0.0,0.5,0.2,0.0,0;2;16;42,0
2026-08-06T17:55:23Z,1668.43,ensayo_01_kinova,Linea_Base_WiFi6,29.08,23.26,0.0,5.82,23.26,1975.6,1747.2,23.5,18.3,7.32,3.91,0.0,0.5,0.2,0.0,0;2;16;42,0
2026-08-06T17:55:25Z,1670.17,ensayo_01_kinova,Linea_Base_WiFi6,36.13,28.9,0.0,7.23,28.9,2047.3,2577.2,18.4,18.9,4.11,0.11,0.0,0.5,0.2,0.0,0;2;16;42,0
2026-08-06T17:55:27Z,1671.91,ensayo_01_kinova,Linea_Base_WiFi6,23.29,18.63,0.0,4.66,18.63,1333.2,1647.6,13.8,14.9,3.76,0.19,0.0,0.5,0.2,0.0,0;2;16;42,0
2026-08-06T17:55:28Z,1673.66,ensayo_01_kinova,Linea_Base_WiFi6,25.87,20.7,0.0,5.17,20.7,1501.9,1809.7,14.9,15.5,9.12,0.72,0.0,0.5,0.2,0.0,0;2;16;42,0
2026-08-06T17:55:30Z,1675.4,ensayo_01_kinova,Linea_Base_WiFi6,13.13,10.5,0.0,2.63,10.5,760.9,920.2,8.0,9.2,5.21,0.24,0.0,0.5,0.2,0.0,0;2;16;42,0
2026-08-06T17:55:32Z,1677.14,ensayo_01_kinova,Linea_Base_WiFi6,36.09,28.87,0.0,7.22,28.87,2285.6,2333.8,25.2,21.8,27.22,12.35,0.0,0.5,0.2,0.0,0;2;16;42,0
2026-08-06T17:55:34Z,1678.9,ensayo_01_kinova,Linea_Base_WiFi6,36.98,29.58,0.0,7.4,29.58,2185.9,2547.7,21.7,19.4,7.36,0.68,0.0,0.5,0.2,0.0,0;2;16;42,0
2026-08-06T17:55:35Z,1680.64,ensayo_01_kinova,Linea_Base_WiFi6,36.56,29.25,0.0,7.31,29.25,2223.5,2456.2,20.1,16.0,6.71,2.6,0.0,0.5,0.2,0.0,0;2;16;42,0
2026-08-06T17:55:37Z,1682.41,ensayo_01_kinova,Linea_Base_WiFi6,27.86,22.29,0.0,5.57,22.29,1719.2,1846.8,19.2,16.9,43.94,39.3,0.0,0.5,0.2,0.0,0;2;16;42,0
2026-08-06T17:55:39Z,1684.16,ensayo_01_kinova,Linea_Base_WiFi6,95.2,76.16,0.0,19.04,76.16,9842.5,2343.1,32.1,21.8,11.05,4.34,0.0,0.5,0.2,0.0,0;2;16;42,0
2026-08-06T17:55:41Z,1685.91,ensayo_01_kinova,Linea_Base_WiFi6,51.24,40.99,0.0,10.25,40.99,3181.8,3376.8,37.1,28.5,6.49,1.57,0.0,0.5,0.2,0.0,0;2;16;42,0
2026-08-06T17:55:42Z,1687.65,ensayo_01_kinova,Linea_Base_WiFi6,45.24,36.19,0.0,9.05,36.19,3281.7,2509.0,34.4,24.6,10.68,5.97,0.0,0.5,0.2,0.0,0;2;16;42,0
2026-08-06T17:55:44Z,1689.41,ensayo_01_kinova,Linea_Base_WiFi6,74.07,59.26,0.0,14.81,59.26,6879.3,2602.1,31.9,23.9,4.84,0.09,0.0,0.5,0.2,0.0,0;2;16;42,0
2026-08-06T17:55:46Z,1691.15,ensayo_01_kinova,Linea_Base_WiFi6,272.6,218.08,0.0,54.52,218.08,15145.0,19748.0,68.4,71.8,7.06,3.9,0.0,0.5,0.2,0.0,0;2;16;42,0
2026-08-06T17:55:48Z,1692.9,ensayo_01_kinova,Linea_Base_WiFi6,46.67,37.34,0.0,9.33,37.34,3224.3,2749.7,24.6,20.6,4.3,0.16,0.0,0.5,0.2,0.0,0;2;16;42,0
2026-08-06T17:55:49Z,1694.64,ensayo_01_kinova,Linea_Base_WiFi6,53.02,42.42,0.0,10.6,42.42,3471.9,3315.1,28.1,24.7,11.48,4.89,0.0,0.5,0.2,0.0,0;2;16;42,0
2026-08-06T17:55:51Z,1696.39,ensayo_01_kinova,Linea_Base_WiFi6,39.22,31.38,0.0,7.84,31.38,2609.8,2410.2,26.2,20.5,9.54,6.28,0.0,0.5,0.2,0.0,0;2;16;42,0
2026-08-06T17:55:53Z,1698.14,ensayo_01_kinova,Linea_Base_WiFi6,37.92,30.34,0.0,7.58,30.34,2430.0,2424.2,23.5,20.1,4.44,0.95,0.0,0.5,0.2,0.0,0;2;16;42,0
2026-08-06T17:55:55Z,1699.88,ensayo_01_kinova,Linea_Base_WiFi6,39.77,31.82,0.0,7.95,31.82,2374.2,2716.7,23.0,22.4,6.1,1.05,0.0,0.5,0.2,0.0,0;2;16;42,0
2026-08-06T17:55:56Z,1701.62,ensayo_01_kinova,Linea_Base_WiFi6,35.01,28.01,0.0,7.0,28.01,2297.8,2182.9,23.0,16.7,6.62,0.2,0.0,0.5,0.2,0.0,0;2;16;42,0
2026-08-06T17:55:58Z,1703.37,ensayo_01_kinova,Linea_Base_WiFi6,49.61,39.69,0.0,9.92,39.69,3236.2,3114.1,31.0,25.8,7.71,1.53,0.0,0.5,0.2,0.0,0;2;16;42,0
2026-08-06T17:56:00Z,1705.11,ensayo_01_kinova,Linea_Base_WiFi6,81.12,64.9,0.0,16.22,64.9,5121.4,5261.5,29.7,27.5,12.56,9.03,0.0,0.5,0.2,0.0,0;2;16;42,0
2026-08-06T17:56:02Z,1706.87,ensayo_01_kinova,Linea_Base_WiFi6,1633.77,1307.02,0.0,326.75,1307.02,199286.9,9835.3,135.3,118.8,5.45,0.17,0.0,0.5,0.2,0.0,0;2;16;42,0
2026-08-06T17:56:03Z,1708.62,ensayo_01_kinova,Linea_Base_WiFi6,34.61,27.69,0.0,6.92,27.69,2369.8,2060.1,24.1,18.4,16.91,12.64,0.0,0.5,0.2,0.0,0;2;16;42,0
2026-08-06T17:56:05Z,1710.39,ensayo_01_kinova,Linea_Base_WiFi6,48.26,38.61,0.0,9.65,38.61,2971.1,3206.2,26.6,24.3,3.65,0.29,0.0,0.5,0.2,0.0,0;2;16;42,0
2026-08-06T17:56:07Z,1712.13,ensayo_01_kinova,Linea_Base_WiFi6,40.72,32.58,0.0,8.14,32.58,2601.5,2611.3,25.8,22.9,4.26,0.68,0.0,0.5,0.2,0.0,0;2;16;42,0
2026-08-06T17:56:09Z,1713.87,ensayo_01_kinova,Linea_Base_WiFi6,36.86,29.49,0.0,7.37,29.49,2367.8,2350.6,23.5,21.2,12.13,4.14,0.0,0.5,0.2,0.0,0;2;16;42,0
2026-08-06T17:56:10Z,1715.63,ensayo_01_kinova,Linea_Base_WiFi6,100.25,80.2,0.0,20.05,80.2,4737.9,8093.5,37.6,35.3,7.0,3.34,0.0,0.5,0.2,0.0,0;2;16;42,0
2026-08-06T17:56:12Z,1717.38,ensayo_01_kinova,Linea_Base_WiFi6,42.2,33.76,0.0,8.44,33.76,2788.9,2612.8,28.6,23.4,47.08,41.02,0.0,0.5,0.2,0.0,0;2;16;42,0
2026-08-06T17:56:14Z,1719.12,ensayo_01_kinova,Linea_Base_WiFi6,51.92,41.54,0.0,10.38,41.54,3101.8,3543.9,28.7,28.7,38.89,35.43,0.0,0.5,0.2,0.0,0;2;16;42,0
2026-08-06T17:56:16Z,1720.93,ensayo_01_kinova,Linea_Base_WiFi6,33.39,26.71,0.0,6.68,26.71,2128.0,2145.7,20.4,18.8,17.6,0.0,50.0,0.5,0.2,0.0,0;2;16;42,0
2026-08-06T17:56:17Z,1722.77,ensayo_01_kinova,Linea_Base_WiFi6,46.39,37.11,0.0,9.28,37.11,2770.7,3166.7,26.7,26.1,0.0,0.0,0.0,0.5,0.2,0.0,0;2;16;42,0
2026-08-06T17:56:20Z,1725.01,ensayo_01_kinova,Linea_Base_WiFi6,22.09,17.67,0.0,4.42,17.67,1064.5,1762.6,11.6,16.5,0.0,0.0,0.0,0.5,0.2,0.0,0;2;16;42,0
2026-08-06T17:56:22Z,1727.24,ensayo_01_kinova,Linea_Base_WiFi6,52.83,42.26,0.0,10.57,42.26,3276.5,3485.8,25.9,26.4,8.88,4.44,0.0,0.5,0.2,0.0,0;2;16;42,0
2026-08-06T17:56:24Z,1728.99,ensayo_01_kinova,Linea_Base_WiFi6,34.43,27.54,0.0,6.89,27.54,2122.6,2284.3,22.3,22.3,10.76,4.64,0.0,0.5,0.2,0.0,0;2;16;42,0
2026-08-06T17:56:25Z,1730.74,ensayo_01_kinova,Linea_Base_WiFi6,48.77,39.02,0.0,9.75,39.02,2944.3,3298.6,28.7,27.5,6.18,0.23,0.0,0.5,0.2,0.0,0;2;16;42,0
2026-08-06T17:56:27Z,1732.48,ensayo_01_kinova,Linea_Base_WiFi6,31.93,25.54,0.0,6.39,25.54,2225.7,1861.0,23.5,17.2,3.74,0.38,0.0,0.5,0.2,0.0,0;2;16;42,0
2026-08-06T17:56:29Z,1734.22,ensayo_01_kinova,Linea_Base_WiFi6,56.81,45.45,0.0,11.36,45.45,3528.7,3743.6,33.3,29.9,11.03,6.96,0.0,0.5,0.2,0.0,0;2;16;42,0
2026-08-06T17:56:31Z,1735.96,ensayo_01_kinova,Linea_Base_WiFi6,58.45,46.76,0.0,11.69,46.76,3295.4,4186.1,31.6,23.0,5.67,1.91,0.0,0.5,0.2,0.0,0;2;16;42,0
2026-08-06T17:56:32Z,1737.71,ensayo_01_kinova,Linea_Base_WiFi6,44.93,35.94,0.0,8.99,35.94,2951.1,2799.6,28.7,24.1,6.12,2.76,0.0,0.5,0.2,0.0,0;2;16;42,0
2026-08-06T17:56:34Z,1739.46,ensayo_01_kinova,Linea_Base_WiFi6,35.56,28.45,0.0,7.11,28.45,2178.2,2373.8,21.2,20.6,7.93,0.86,0.0,0.5,0.2,0.0,0;2;16;42,0
2026-08-06T17:56:36Z,1741.21,ensayo_01_kinova,Linea_Base_WiFi6,132.82,106.26,0.0,26.56,106.26,6538.0,10462.5,47.9,38.8,15.36,4.31,0.0,0.5,0.2,0.0,0;2;16;42,0
2026-08-06T17:56:38Z,1742.99,ensayo_01_kinova,Linea_Base_WiFi6,132.34,105.87,0.0,26.47,105.87,6282.8,10656.5,46.0,39.8,6.87,2.03,0.0,0.5,0.2,0.0,0;2;16;42,0
2026-08-06T17:56:39Z,1744.74,ensayo_01_kinova,Linea_Base_WiFi6,112.37,89.9,0.0,22.47,89.9,6236.7,8147.3,49.8,41.7,13.73,2.02,0.0,0.5,0.2,0.0,0;2;16;42,0
2026-08-06T17:56:41Z,1746.5,ensayo_01_kinova,Linea_Base_WiFi6,112.88,90.3,0.0,22.58,90.3,5185.3,9263.7,39.9,32.5,3.03,0.25,0.0,0.5,0.2,0.0,0;2;16;42,0
2026-08-06T17:56:43Z,1748.24,ensayo_01_kinova,Linea_Base_WiFi6,126.16,100.93,0.0,25.23,100.93,9290.4,6858.6,47.1,41.9,4.54,0.22,0.0,0.5,0.2,0.0,0;2;16;42,0
2026-08-06T17:56:45Z,1749.98,ensayo_01_kinova,Linea_Base_WiFi6,131.03,104.82,0.0,26.21,104.82,5962.9,10808.6,44.2,40.7,13.34,7.53,0.0,0.5,0.2,0.0,0;2;16;42,0
2026-08-06T17:56:46Z,1751.73,ensayo_01_kinova,Linea_Base_WiFi6,82.48,65.98,0.0,16.5,65.98,4950.5,5607.3,40.2,35.6,3.4,0.2,0.0,0.5,0.2,0.0,0;2;16;42,0
2026-08-06T17:56:48Z,1753.47,ensayo_01_kinova,Linea_Base_WiFi6,93.59,74.87,0.0,18.72,74.87,5054.0,6925.6,37.2,31.5,7.0,0.29,0.0,0.5,0.2,0.0,0;2;16;42,0
2026-08-06T17:56:50Z,1755.22,ensayo_01_kinova,Linea_Base_WiFi6,137.51,110.01,0.0,27.5,110.01,6573.7,11027.7,48.2,42.4,8.95,3.32,0.0,0.5,0.2,0.0,0;2;16;42,0
2026-08-06T17:56:52Z,1756.97,ensayo_01_kinova,Linea_Base_WiFi6,95.84,76.67,0.0,19.17,76.67,5069.9,7198.0,38.2,33.6,4.9,1.83,0.0,0.5,0.2,0.0,0;2;16;42,0
2026-08-06T17:56:53Z,1758.71,ensayo_01_kinova,Linea_Base_WiFi6,136.39,109.11,0.0,27.28,109.11,6431.7,11026.6,48.8,41.9,14.04,7.8,0.0,0.5,0.2,0.0,0;2;16;42,0
2026-08-06T17:56:55Z,1760.46,ensayo_01_kinova,Linea_Base_WiFi6,94.28,75.42,0.0,18.86,75.42,5135.2,6932.4,38.3,31.4,6.84,1.49,0.0,0.5,0.2,0.0,0;2;16;42,0
2026-08-06T17:56:57Z,1762.2,ensayo_01_kinova,Linea_Base_WiFi6,112.21,89.77,0.0,22.44,89.77,5880.5,8482.8,45.3,35.6,17.77,13.66,0.0,0.5,0.2,0.0,0;2;16;42,0
2026-08-06T17:56:59Z,1763.95,ensayo_01_kinova,Linea_Base_WiFi6,157.75,126.2,0.0,31.55,126.2,8247.5,11944.7,50.5,44.8,4.49,0.7,0.0,0.5,0.2,0.0,0;2;16;42,0
2026-08-06T17:57:00Z,1765.69,ensayo_01_kinova,Linea_Base_WiFi6,79.44,63.55,0.0,15.89,63.55,5312.3,4855.4,35.0,25.8,7.85,1.4,0.0,0.5,0.2,0.0,0;2;16;42,0
2026-08-06T17:57:02Z,1767.44,ensayo_01_kinova,Linea_Base_WiFi6,141.11,112.89,0.0,28.22,112.89,6890.1,11172.4,51.0,46.4,29.89,0.0,50.0,0.5,0.2,0.0,0;2;16;42,0
2026-08-06T17:57:04Z,1769.28,ensayo_01_kinova,Linea_Base_WiFi6,238.18,190.54,0.0,47.64,190.54,9884.0,20602.9,61.4,69.6,5.61,2.46,0.0,0.5,0.2,0.0,0;2;16;42,0
2026-08-06T17:57:06Z,1771.02,ensayo_01_kinova,Linea_Base_WiFi6,155.56,124.45,0.0,31.11,124.45,6049.0,13863.2,44.6,40.6,6.07,0.47,0.0,0.5,0.2,0.0,0;2;16;42,0
2026-08-06T17:57:07Z,1772.77,ensayo_01_kinova,Linea_Base_WiFi6,252.3,201.84,0.0,50.46,201.84,15109.3,17184.5,73.9,68.7,4.8,0.89,0.0,0.5,0.2,0.0,0;2;16;42,0
2026-08-06T17:57:09Z,1774.52,ensayo_01_kinova,Linea_Base_WiFi6,147.86,118.29,0.0,29.57,118.29,6543.1,12382.7,51.0,49.2,4.38,0.76,0.0,0.5,0.2,0.0,0;2;16;42,0
2026-08-06T17:57:11Z,1776.27,ensayo_01_kinova,Linea_Base_WiFi6,107.88,86.3,0.0,21.58,86.3,6269.4,7539.0,50.2,46.8,3.91,0.81,0.0,0.5,0.2,0.0,0;2;16;42,0
2026-08-06T17:57:13Z,1778.01,ensayo_01_kinova,Linea_Base_WiFi6,130.2,104.16,0.0,26.04,104.16,6179.3,10486.5,46.5,40.7,8.29,0.51,0.0,0.5,0.2,0.0,0;2;16;42,0
2026-08-06T17:57:14Z,1779.76,ensayo_01_kinova,Linea_Base_WiFi6,128.27,102.62,0.0,25.65,102.62,7047.9,9370.2,56.7,52.1,12.31,4.36,0.0,0.5,0.2,0.0,0;2;16;42,0
2026-08-06T17:57:16Z,1781.52,ensayo_01_kinova,Linea_Base_WiFi6,74.3,59.44,0.0,14.86,59.44,4467.4,5043.4,34.6,30.1,4.1,0.67,0.0,0.5,0.2,0.0,0;2;16;42,0
2026-08-06T17:57:18Z,1783.26,ensayo_01_kinova,Linea_Base_WiFi6,172.42,137.94,0.0,34.48,137.94,8535.7,13533.9,66.0,64.8,3.15,0.05,0.0,0.5,0.2,0.0,0;2;16;42,0
2026-08-06T17:57:20Z,1785.01,ensayo_01_kinova,Linea_Base_WiFi6,109.28,87.42,0.0,21.86,87.42,5955.3,8032.2,44.8,41.3,6.92,2.46,0.0,0.5,0.2,0.0,0;2;16;42,0
2026-08-06T17:57:21Z,1786.75,ensayo_01_kinova,Linea_Base_WiFi6,146.45,117.16,0.0,29.29,117.16,7179.1,11566.5,54.9,47.5,14.15,0.7,0.0,0.5,0.2,0.0,0;2;16;42,0
2026-08-06T17:57:23Z,1788.51,ensayo_01_kinova,Linea_Base_WiFi6,104.38,83.5,0.0,20.88,83.5,5746.0,7615.0,44.5,39.4,8.84,0.33,0.0,0.5,0.2,0.0,0;2;16;42,0
2026-08-06T17:57:25Z,1790.25,ensayo_01_kinova,Linea_Base_WiFi6,136.06,108.85,0.0,27.21,108.85,7114.5,10300.7,54.9,50.3,3.88,0.22,0.0,0.5,0.2,0.0,0;2;16;42,0
2026-08-06T17:57:27Z,1792.0,ensayo_01_kinova,Linea_Base_WiFi6,116.73,93.38,0.0,23.35,93.38,6119.8,8821.9,47.6,47.6,8.05,2.9,0.0,0.5,0.2,0.0,0;2;16;42,0
2026-08-06T17:57:28Z,1793.75,ensayo_01_kinova,Linea_Base_WiFi6,148.84,119.07,0.0,29.77,119.07,7536.2,11515.0,57.1,50.8,100.71,50.73,0.0,0.5,0.2,0.0,0;2;16;42,0
2026-08-06T17:57:30Z,1795.54,ensayo_01_kinova,Linea_Base_WiFi6,109.86,87.89,0.0,21.97,87.89,8347.0,5715.3,57.0,34.6,5.66,2.24,0.0,0.5,0.2,0.0,0;2;16;42,0
2026-08-06T17:57:32Z,1797.29,ensayo_01_kinova,Linea_Base_WiFi6,109.03,87.22,0.0,21.81,87.22,5965.1,7991.4,46.3,38.9,11.3,7.89,0.0,0.5,0.2,0.0,0;2;16;42,0
2026-08-06T17:57:34Z,1799.03,ensayo_01_kinova,Linea_Base_WiFi6,139.64,111.71,0.0,27.93,111.71,6650.9,11223.1,49.3,43.6,4.63,0.34,0.0,0.5,0.2,0.0,0;2;16;42,0
2026-08-06T17:57:35Z,1800.78,ensayo_01_kinova,Linea_Base_WiFi6,109.07,87.26,0.0,21.81,87.26,6149.0,7812.0,45.3,36.7,4.04,0.0,0.0,0.5,0.2,0.0,0;2;16;42,0
2026-08-06T17:57:37Z,1802.52,ensayo_01_kinova,Linea_Base_WiFi6,113.61,90.89,0.0,22.72,90.89,5206.1,9336.3,39.6,31.5,6.26,0.22,0.0,0.5,0.2,0.0,0;2;16;42,0
2026-08-06T17:57:39Z,1804.27,ensayo_01_kinova,Linea_Base_WiFi6,92.5,74.0,0.0,18.5,74.0,5394.5,6445.1,43.5,38.3,22.54,1.25,0.0,0.5,0.2,0.0,0;2;16;42,0
2026-08-06T17:57:41Z,1806.03,ensayo_01_kinova,Linea_Base_WiFi6,129.52,103.62,0.0,25.9,103.62,5943.3,10634.8,43.0,36.8,10.05,6.89,0.0,0.5,0.2,0.0,0;2;16;42,0
2026-08-06T17:57:42Z,1807.79,ensayo_01_kinova,Linea_Base_WiFi6,108.17,86.54,0.0,21.63,86.54,6059.0,7787.1,43.3,36.4,4.14,0.27,0.0,0.5,0.2,0.0,0;2;16;42,0
2026-08-06T17:57:44Z,1809.54,ensayo_01_kinova,Linea_Base_WiFi6,109.08,87.26,0.0,21.82,87.26,8752.0,5209.7,35.5,31.0,4.79,1.7,0.0,0.5,0.2,0.0,0;2;16;42,0
2026-08-06T17:57:46Z,1811.28,ensayo_01_kinova,Linea_Base_WiFi6,139.46,111.57,0.0,27.89,111.57,6681.0,11170.0,49.3,42.5,8.77,3.3,0.0,0.5,0.2,0.0,0;2;16;42,0
2026-08-06T17:57:48Z,1813.03,ensayo_01_kinova,Linea_Base_WiFi6,95.02,76.02,0.0,19.0,76.02,5069.2,7093.4,38.7,31.3,11.27,2.73,0.0,0.5,0.2,0.0,0;2;16;42,0
2026-08-06T17:57:49Z,1814.79,ensayo_01_kinova,Linea_Base_WiFi6,150.08,120.06,0.0,30.02,120.06,7460.0,11750.7,56.5,47.9,7.42,3.61,0.0,0.5,0.2,0.0,0;2;16;42,0
2026-08-06T17:57:51Z,1816.54,ensayo_01_kinova,Linea_Base_WiFi6,86.58,69.26,0.0,17.32,69.26,4593.2,6488.8,32.6,27.4,18.3,9.54,0.0,0.5,0.2,0.0,0;2;16;42,0
2026-08-06T17:57:53Z,1818.29,ensayo_01_kinova,Linea_Base_WiFi6,1789.23,1431.38,0.0,357.85,1431.38,209363.1,19658.1,179.1,155.6,9.78,4.93,0.0,0.5,0.2,0.0,0;2;16;42,0
2026-08-06T17:57:55Z,1820.04,ensayo_01_kinova,Linea_Base_WiFi6,102.85,82.28,0.0,20.57,82.28,5373.3,7791.3,42.2,36.5,8.52,4.92,0.0,0.5,0.2,0.0,0;2;16;42,0
2026-08-06T17:57:56Z,1821.78,ensayo_01_kinova,Linea_Base_WiFi6,136.97,109.58,0.0,27.39,109.58,6572.0,10960.6,48.2,40.2,5.37,0.24,0.0,0.5,0.2,0.0,0;2;16;42,0
2026-08-06T17:57:58Z,1823.53,ensayo_01_kinova,Linea_Base_WiFi6,108.15,86.52,0.0,21.63,86.52,8288.9,5554.6,53.3,33.8,7.36,1.71,0.0,0.5,0.2,0.0,0;2;16;42,0
2026-08-06T17:58:00Z,1825.29,ensayo_01_kinova,Linea_Base_WiFi6,146.09,116.87,0.0,29.22,116.87,8725.9,9973.5,43.0,35.1,9.27,0.94,0.0,0.5,0.2,0.0,0;2;16;42,0
2026-08-06T17:58:02Z,1827.04,ensayo_01_kinova,Linea_Base_WiFi6,294.89,235.91,0.0,58.98,235.91,18628.7,19117.2,68.1,57.2,4.34,0.08,0.0,0.5,0.2,0.0,0;2;16;42,0
2026-08-06T17:58:03Z,1828.79,ensayo_01_kinova,Linea_Base_WiFi6,97.86,78.29,0.0,19.57,78.29,4557.8,7968.6,32.7,30.4,8.38,0.93,0.0,0.5,0.2,0.0,0;2;16;42,0
2026-08-06T17:58:05Z,1830.54,ensayo_01_kinova,Linea_Base_WiFi6,60.34,48.27,0.0,12.07,48.27,2768.8,4954.4,21.7,21.2,13.8,5.07,0.0,0.5,0.2,0.0,0;2;16;42,0
2026-08-06T17:58:07Z,1832.29,ensayo_01_kinova,Linea_Base_WiFi6,125.58,100.46,0.0,25.12,100.46,5855.0,10218.7,41.0,37.6,10.52,2.36,0.0,0.5,0.2,0.0,0;2;16;42,0
2026-08-06T17:58:09Z,1834.04,ensayo_01_kinova,Linea_Base_WiFi6,138.09,110.47,0.0,27.62,110.47,9235.9,8440.0,58.4,34.4,6.54,0.73,0.0,0.5,0.2,0.0,0;2;16;42,0
2026-08-06T17:58:10Z,1835.78,ensayo_01_kinova,Linea_Base_WiFi6,133.61,106.89,0.0,26.72,106.89,6080.1,11021.9,44.7,36.1,4.08,0.32,0.0,0.5,0.2,0.0,0;2;16;42,0
2026-08-06T17:58:12Z,1837.52,ensayo_01_kinova,Linea_Base_WiFi6,66.5,53.2,0.0,13.3,53.2,3063.2,5448.8,21.8,17.8,4.41,1.33,0.0,0.5,0.2,0.0,0;2;16;42,0
2026-08-06T17:58:14Z,1839.27,ensayo_01_kinova,Linea_Base_WiFi6,109.2,87.36,0.0,21.84,87.36,5216.8,8761.1,42.5,36.1,13.62,0.0,50.0,0.5,0.2,0.0,0;2;16;42,0
2026-08-06T17:58:16Z,1841.11,ensayo_01_kinova,Linea_Base_WiFi6,239.3,191.44,0.0,47.86,191.44,10103.6,20526.3,58.1,59.8,15.78,2.46,0.0,0.5,0.2,0.0,0;2;16;42,0
2026-08-06T17:58:18Z,1842.86,ensayo_01_kinova,Linea_Base_WiFi6,125.09,100.07,0.0,25.02,100.07,5665.1,10346.3,41.7,36.0,29.77,24.66,0.0,0.5,0.2,0.0,0;2;16;42,0
2026-08-06T17:58:19Z,1844.6,ensayo_01_kinova,Linea_Base_WiFi6,58.32,46.66,0.0,11.66,46.66,3044.3,4421.1,24.1,20.6,4.37,1.36,0.0,0.5,0.2,0.0,0;2;16;42,0
2026-08-06T17:58:21Z,1846.35,ensayo_01_kinova,Linea_Base_WiFi6,105.87,84.7,0.0,21.17,84.7,5558.1,7992.7,41.9,34.4,3.54,0.27,0.0,0.5,0.2,0.0,0;2;16;42,0
2026-08-06T17:58:23Z,1848.09,ensayo_01_kinova,Linea_Base_WiFi6,122.89,98.31,0.0,24.58,98.31,5915.5,9814.1,42.5,33.8,3.98,0.47,0.0,0.5,0.2,0.0,0;2;16;42,0
2026-08-06T17:58:24Z,1849.83,ensayo_01_kinova,Linea_Base_WiFi6,98.36,78.69,0.0,19.67,78.69,5411.1,7178.3,41.9,32.1,3.93,0.3,0.0,0.5,0.2,0.0,0;2;16;42,0
2026-08-06T17:58:26Z,1851.58,ensayo_01_kinova,Linea_Base_WiFi6,103.62,82.9,0.0,20.72,82.9,4112.1,9150.7,29.8,29.3,5.5,1.22,0.0,0.5,0.2,0.0,0;2;16;42,0
2026-08-06T17:58:28Z,1853.32,ensayo_01_kinova,Linea_Base_WiFi6,71.5,57.2,0.0,14.3,57.2,4102.3,5049.7,33.2,29.2,8.05,1.37,0.0,0.5,0.2,0.0,0;2;16;42,0
2026-08-06T17:58:30Z,1855.07,ensayo_01_kinova,Linea_Base_WiFi6,124.6,99.68,0.0,24.92,99.68,5420.3,10527.9,39.5,37.2,11.28,7.74,0.0,0.5,0.2,0.0,0;2;16;42,0
2026-08-06T17:58:31Z,1856.83,ensayo_01_kinova,Linea_Base_WiFi6,92.43,73.94,0.0,18.49,73.94,4881.7,6949.4,33.5,30.1,4.46,0.97,0.0,0.5,0.2,0.0,0;2;16;42,0
2026-08-06T17:58:33Z,1858.57,ensayo_01_kinova,Linea_Base_WiFi6,49.1,39.28,0.0,9.82,39.28,2532.6,3751.7,20.6,19.5,3.64,0.36,0.0,0.5,0.2,0.0,0;2;16;42,0
2026-08-06T17:58:35Z,1860.31,ensayo_01_kinova,Linea_Base_WiFi6,123.07,98.46,0.0,24.61,98.46,5469.5,10283.6,39.1,36.2,27.96,11.33,0.0,0.5,0.2,0.0,0;2;16;42,0
2026-08-06T17:58:37Z,1862.09,ensayo_01_kinova,Linea_Base_WiFi6,289.15,231.32,0.0,57.83,231.32,14653.0,22357.9,67.4,73.0,3.35,0.07,0.0,0.5,0.2,0.0,0;2;16;42,0
2026-08-06T17:58:39Z,1863.84,ensayo_01_kinova,Linea_Base_WiFi6,148.92,119.14,0.0,29.78,119.14,6933.9,12127.4,53.3,47.6,6.77,0.82,0.0,0.5,0.2,0.0,0;2;16;42,0
2026-08-06T17:58:40Z,1865.59,ensayo_01_kinova,Linea_Base_WiFi6,248.74,198.99,0.0,49.75,198.99,14612.8,17226.0,63.5,62.9,5.72,0.2,0.0,0.5,0.2,0.0,0;2;16;42,0
2026-08-06T17:58:42Z,1867.33,ensayo_01_kinova,Linea_Base_WiFi6,127.81,102.25,0.0,25.56,102.25,6114.9,10245.0,47.0,41.2,3.7,0.54,0.0,0.5,0.2,0.0,0;2;16;42,0
2026-08-06T17:58:44Z,1869.07,ensayo_01_kinova,Linea_Base_WiFi6,139.6,111.68,0.0,27.92,111.68,9680.6,8188.8,45.4,39.6,6.7,0.74,0.0,0.5,0.2,0.0,0;2;16;42,0
2026-08-06T17:58:45Z,1870.82,ensayo_01_kinova,Linea_Base_WiFi6,134.91,107.93,0.0,26.98,107.93,6273.7,10994.4,46.4,39.5,6.13,1.18,0.0,0.5,0.2,0.0,0;2;16;42,0
2026-08-06T17:58:47Z,1872.57,ensayo_01_kinova,Linea_Base_WiFi6,99.17,79.34,0.0,19.83,79.34,7880.9,4813.4,48.1,26.9,4.45,0.54,0.0,0.5,0.2,0.0,0;2;16;42,0
2026-08-06T17:58:49Z,1874.31,ensayo_01_kinova,Linea_Base_WiFi6,92.88,74.3,0.0,18.58,74.3,4788.3,7100.2,36.7,32.7,57.44,13.24,0.0,0.5,0.2,0.0,0;2;16;42,0
2026-08-06T17:58:51Z,1876.12,ensayo_01_kinova,Linea_Base_WiFi6,118.49,94.79,0.0,23.7,94.79,5250.5,9915.8,38.1,36.4,7.78,0.67,0.0,0.5,0.2,0.0,0;2;16;42,0
2026-08-06T17:58:53Z,1877.87,ensayo_01_kinova,Linea_Base_WiFi6,331.99,265.59,0.0,66.4,265.59,26033.6,16461.6,71.6,58.4,45.4,14.59,0.0,0.5,0.2,0.0,0;2;16;42,0
2026-08-06T17:58:54Z,1879.63,ensayo_01_kinova,Linea_Base_WiFi6,125.28,100.22,0.0,25.06,100.22,5237.8,10797.9,39.6,36.2,3.48,0.06,0.0,0.5,0.2,0.0,0;2;16;42,0
2026-08-06T17:58:56Z,1881.38,ensayo_01_kinova,Linea_Base_WiFi6,122.84,98.27,0.0,24.57,98.27,6742.5,8980.6,48.1,43.0,4.4,0.24,0.0,0.5,0.2,0.0,0;2;16;42,0
2026-08-06T17:58:58Z,1883.12,ensayo_01_kinova,Linea_Base_WiFi6,112.77,90.22,0.0,22.55,90.22,5655.4,8778.6,44.1,37.8,138.61,51.27,0.0,0.5,0.2,0.0,0;2;16;42,0
2026-08-06T17:59:00Z,1884.95,ensayo_01_kinova,Linea_Base_WiFi6,42.11,33.69,0.0,8.42,33.69,2727.9,2661.7,27.9,24.6,110.02,53.0,0.0,0.5,0.2,0.0,0;2;16;42,0
2026-08-06T17:59:01Z,1886.75,ensayo_01_kinova,Linea_Base_WiFi6,190.62,152.5,0.0,38.12,152.5,16628.4,7770.4,36.7,36.1,7.03,3.6,0.0,0.5,0.2,0.0,0;2;16;42,0
2026-08-06T17:59:03Z,1888.5,ensayo_01_kinova,Linea_Base_WiFi6,1577.14,1261.71,0.0,315.43,1261.71,191933.9,9940.3,148.0,120.4,37.95,4.6,0.0,0.5,0.2,0.0,0;2;16;42,0
2026-08-06T17:59:05Z,1890.27,ensayo_01_kinova,Linea_Base_WiFi6,41.39,33.11,0.0,8.28,33.11,2711.6,2585.9,27.6,23.7,4.22,0.83,0.0,0.5,0.2,0.0,0;2;16;42,0
2026-08-06T17:59:07Z,1892.01,ensayo_01_kinova,Linea_Base_WiFi6,49.42,39.54,0.0,9.88,39.54,3144.8,3181.5,34.4,26.4,40.24,35.64,0.0,0.5,0.2,0.0,0;2;16;42,0
2026-08-06T17:59:08Z,1893.83,ensayo_01_kinova,Linea_Base_WiFi6,49.13,39.3,0.0,9.83,39.3,3170.5,3118.7,30.3,27.0,8.04,1.5,0.0,0.5,0.2,0.0,0;2;16;42,0
2026-08-06T17:59:10Z,1895.58,ensayo_01_kinova,Linea_Base_WiFi6,97.32,77.86,0.0,19.46,77.86,4605.7,7851.8,34.9,29.7,4.87,1.2,0.0,0.5,0.2,0.0,0;2;16;42,0
2026-08-06T17:59:12Z,1897.32,ensayo_01_kinova,Linea_Base_WiFi6,39.65,31.72,0.0,7.93,31.72,2738.4,2336.4,22.9,20.6,26.37,15.36,0.0,0.5,0.2,0.0,0;2;16;42,0
2026-08-06T17:59:14Z,1899.1,ensayo_01_kinova,Linea_Base_WiFi6,53.24,42.59,0.0,10.65,42.59,3425.9,3388.9,35.9,28.1,8.35,3.55,0.0,0.5,0.2,0.0,0;2;16;42,0
2026-08-06T17:59:16Z,1900.85,ensayo_01_kinova,Linea_Base_WiFi6,40.94,32.75,0.0,8.19,32.75,2729.4,2511.4,28.1,21.8,15.81,2.27,0.0,0.5,0.2,0.0,0;2;16;42,0
2026-08-06T17:59:17Z,1902.6,ensayo_01_kinova,Linea_Base_WiFi6,37.99,30.39,0.0,7.6,30.39,2350.9,2512.4,21.7,18.3,16.94,9.29,0.0,0.5,0.2,0.0,0;2;16;42,0
2026-08-06T17:59:19Z,1904.36,ensayo_01_kinova,Linea_Base_WiFi6,48.29,38.63,0.0,9.66,38.63,3352.3,2828.5,28.9,26.1,24.92,6.25,0.0,0.5,0.2,0.0,0;2;16;42,0
2026-08-06T17:59:21Z,1906.12,ensayo_01_kinova,Linea_Base_WiFi6,43.34,34.67,0.0,8.67,34.67,2916.0,2632.0,29.5,22.2,41.79,17.27,0.0,0.5,0.2,0.0,0;2;16;42,0
2026-08-06T17:59:23Z,1907.92,ensayo_01_kinova,Linea_Base_WiFi6,36.88,29.5,0.0,7.38,29.5,2247.2,2473.0,23.4,18.9,5.98,0.63,0.0,0.5,0.2,0.0,0;2;16;42,0
2026-08-06T17:59:24Z,1909.67,ensayo_01_kinova,Linea_Base_WiFi6,36.39,29.11,0.0,7.28,29.11,2350.8,2306.7,22.9,18.3,56.47,49.13,0.0,0.5,0.2,0.0,0;2;16;42,0
2026-08-06T17:59:26Z,1911.41,ensayo_01_kinova,Linea_Base_WiFi6,52.0,41.6,0.0,10.4,41.6,3206.5,3449.1,27.5,26.9,14.17,0.0,50.0,0.5,0.2,0.0,0;2;16;42,0
2026-08-06T17:59:28Z,1913.25,ensayo_01_kinova,Linea_Base_WiFi6,48.09,38.47,0.0,9.62,38.47,3328.1,2827.5,27.7,23.9,5.16,1.92,0.0,0.5,0.2,0.0,0;2;16;42,0
2026-08-06T17:59:30Z,1914.99,ensayo_01_kinova,Linea_Base_WiFi6,44.89,35.91,0.0,8.98,35.91,2719.9,3025.6,28.7,26.4,3.28,0.05,0.0,0.5,0.2,0.0,0;2;16;42,0
2026-08-06T17:59:31Z,1916.74,ensayo_01_kinova,Linea_Base_WiFi6,33.91,27.13,0.0,6.78,27.13,2245.7,2095.2,21.3,19.0,7.35,2.6,0.0,0.5,0.2,0.0,0;2;16;42,0
2026-08-06T17:59:33Z,1918.48,ensayo_01_kinova,Linea_Base_WiFi6,52.51,42.01,0.0,10.5,42.01,3183.9,3537.0,28.1,27.6,64.02,9.06,0.0,0.5,0.2,0.0,0;2;16;42,0
2026-08-06T17:59:35Z,1920.29,ensayo_01_kinova,Linea_Base_WiFi6,42.15,33.72,0.0,8.43,33.72,2774.1,2620.6,25.4,22.6,9.38,5.78,0.0,0.5,0.2,0.0,0;2;16;42,0
2026-08-06T17:59:37Z,1922.03,ensayo_01_kinova,Linea_Base_WiFi6,37.15,29.72,0.0,7.43,29.72,2578.4,2177.1,22.4,18.3,8.06,2.22,0.0,0.5,0.2,0.0,0;2;16;42,0
2026-08-06T17:59:38Z,1923.78,ensayo_01_kinova,Linea_Base_WiFi6,81.27,65.02,0.0,16.25,65.02,6966.8,3435.9,49.8,29.7,6.7,0.71,0.0,0.5,0.2,0.0,0;2;16;42,0
2026-08-06T17:59:40Z,1925.53,ensayo_01_kinova,Linea_Base_WiFi6,25.59,20.47,0.0,5.12,20.47,1549.8,1725.7,16.6,15.5,15.02,5.45,0.0,0.5,0.2,0.0,0;2;16;42,0
2026-08-06T17:59:42Z,1927.27,ensayo_01_kinova,Linea_Base_WiFi6,37.25,29.8,0.0,7.45,29.8,1937.8,2830.0,20.0,20.0,16.84,9.72,0.0,0.5,0.2,0.0,0;2;16;42,0
2026-08-06T17:59:44Z,1929.04,ensayo_01_kinova,Linea_Base_WiFi6,70.29,56.23,0.0,14.06,56.23,6090.1,2906.8,23.8,23.2,12.25,6.95,0.0,0.5,0.2,0.0,0;2;16;42,0
2026-08-06T17:59:45Z,1930.78,ensayo_01_kinova,Linea_Base_WiFi6,22.66,18.13,0.0,4.53,18.13,1211.5,1689.4,12.0,12.6,7.84,4.27,0.0,0.5,0.2,0.0,0;2;16;42,0
2026-08-06T17:59:47Z,1932.52,ensayo_01_kinova,Linea_Base_WiFi6,21.67,17.34,0.0,4.33,17.34,1260.5,1513.3,12.6,12.6,4.84,1.06,0.0,0.5,0.2,0.0,0;2;16;42,0
2026-08-06T17:59:49Z,1934.26,ensayo_01_kinova,Linea_Base_WiFi6,37.88,30.3,0.0,7.58,30.3,2062.3,2786.9,22.4,20.7,11.01,0.29,0.0,0.5,0.2,0.0,0;2;16;42,0
2026-08-06T17:59:51Z,1936.01,ensayo_01_kinova,Linea_Base_WiFi6,27.08,21.66,0.0,5.42,21.66,1764.3,1701.5,16.6,14.9,13.84,6.06,0.0,0.5,0.2,0.0,0;2;16;42,0
2026-08-06T17:59:52Z,1937.76,ensayo_01_kinova,Linea_Base_WiFi6,19.44,15.55,0.0,3.89,15.55,1299.1,1189.0,10.3,10.3,9.83,3.2,0.0,0.5,0.2,0.0,0;2;16;42,0
2026-08-06T17:59:54Z,1939.51,ensayo_01_kinova,Linea_Base_WiFi6,30.73,24.58,0.0,6.15,24.58,1656.1,2276.8,17.7,18.8,7.18,1.31,0.0,0.5,0.2,0.0,0;2;16;42,0
2026-08-06T17:59:56Z,1941.25,ensayo_01_kinova,Linea_Base_WiFi6,25.95,20.76,0.0,5.19,20.76,1515.7,1806.0,14.9,15.5,6.56,1.7,0.0,0.5,0.2,0.0,0;2;16;42,0
2026-08-06T17:59:58Z,1943.0,ensayo_01_kinova,Linea_Base_WiFi6,31.58,25.26,0.0,6.32,25.26,1551.0,2491.8,16.1,18.4,3.87,0.41,0.0,0.5,0.2,0.0,0;2;16;42,0
2026-08-06T17:59:59Z,1944.74,ensayo_01_kinova,Linea_Base_WiFi6,128.66,102.93,0.0,25.73,102.93,7522.7,8945.8,25.8,28.1,5.15,0.11,0.0,0.5,0.2,0.0,0;2;16;42,0
2026-08-06T18:00:01Z,1946.48,ensayo_01_kinova,Linea_Base_WiFi6,23.86,19.09,0.0,4.77,19.09,1375.6,1678.7,14.4,15.5,6.01,1.89,0.0,0.5,0.2,0.0,0;2;16;42,0
2026-08-06T18:00:03Z,1948.22,ensayo_01_kinova,Linea_Base_WiFi6,35.1,28.08,0.0,7.02,28.08,1945.2,2547.1,20.1,20.7,9.67,2.45,0.0,0.5,0.2,0.0,0;2;16;42,0
2026-08-06T18:00:05Z,1949.97,ensayo_01_kinova,Linea_Base_WiFi6,34.75,27.8,0.0,6.95,27.8,1770.8,2677.5,18.9,21.2,15.49,0.18,0.0,0.5,0.2,0.0,0;2;16;42,0
2026-08-06T18:00:06Z,1951.72,ensayo_01_kinova,Linea_Base_WiFi6,16.86,13.49,0.0,3.37,13.49,1021.8,1135.8,10.3,10.3,3.51,0.35,0.0,0.5,0.2,0.0,0;2;16;42,0
2026-08-06T18:00:08Z,1953.46,ensayo_01_kinova,Linea_Base_WiFi6,34.93,27.94,0.0,6.99,27.94,2294.5,2176.6,19.6,20.7,3.75,0.12,0.0,0.5,0.2,0.0,0;2;16;42,0
2026-08-06T18:00:10Z,1955.2,ensayo_01_kinova,Linea_Base_WiFi6,95.15,76.12,0.0,19.03,76.12,4292.9,7885.7,34.4,31.0,5.04,1.38,0.0,0.5,0.2,0.0,0;2;16;42,0
2026-08-06T18:00:12Z,1956.95,ensayo_01_kinova,Linea_Base_WiFi6,22.12,17.7,0.0,4.42,17.7,1258.0,1572.8,12.6,13.8,4.65,0.56,0.0,0.5,0.2,0.0,0;2;16;42,0
2026-08-06T18:00:13Z,1958.69,ensayo_01_kinova,Linea_Base_WiFi6,27.26,21.81,0.0,5.45,21.81,1317.3,2172.5,13.8,16.1,3.82,0.05,0.0,0.5,0.2,0.0,0;2;16;42,0
2026-08-06T18:00:15Z,1960.43,ensayo_01_kinova,Linea_Base_WiFi6,32.71,26.17,0.0,6.54,26.17,2180.1,2006.8,18.4,19.5,4.31,0.34,0.0,0.5,0.2,0.0,0;2;16;42,0
2026-08-06T18:00:17Z,1962.17,ensayo_01_kinova,Linea_Base_WiFi6,25.93,20.74,0.0,5.19,20.74,1514.1,1804.5,14.9,15.5,14.35,9.15,0.0,0.5,0.2,0.0,0;2;16;42,0
2026-08-06T18:00:19Z,1963.92,ensayo_01_kinova,Linea_Base_WiFi6,31.92,25.54,0.0,6.38,25.54,1715.3,2370.4,18.4,20.1,5.62,0.04,0.0,0.5,0.2,0.0,0;2;16;42,0
2026-08-06T18:00:20Z,1965.66,ensayo_01_kinova,Linea_Base_WiFi6,19.62,15.7,0.0,3.92,15.7,1040.0,1470.9,10.9,12.0,5.12,0.25,0.0,0.5,0.2,0.0,0;2;16;42,0
2026-08-06T18:00:22Z,1967.41,ensayo_01_kinova,Linea_Base_WiFi6,28.94,23.15,0.0,5.79,23.15,1492.0,2211.7,14.9,17.2,19.25,3.46,0.0,0.5,0.2,0.0,0;2;16;42,0
2026-08-06T18:00:24Z,1969.16,ensayo_01_kinova,Linea_Base_WiFi6,36.05,28.84,0.0,7.21,28.84,2439.5,2174.9,21.1,20.0,4.41,0.71,0.0,0.5,0.2,0.0,0;2;16;42,0
2026-08-06T18:00:26Z,1970.9,ensayo_01_kinova,Linea_Base_WiFi6,29.87,23.9,0.0,5.97,23.9,1667.5,2155.6,18.4,16.7,23.73,16.13,0.0,0.5,0.2,0.0,0;2;16;42,0
2026-08-06T18:00:27Z,1972.68,ensayo_01_kinova,Linea_Base_WiFi6,17.51,14.01,0.0,3.5,14.01,1163.8,1077.1,13.5,9.6,8.13,1.7,0.0,0.5,0.2,0.0,0;2;16;42,0
2026-08-06T18:00:29Z,1974.43,ensayo_01_kinova,Linea_Base_WiFi6,37.91,30.33,0.0,7.58,30.33,2067.7,2784.7,24.6,22.9,11.9,1.22,0.0,0.5,0.2,0.0,0;2;16;42,0
2026-08-06T18:00:31Z,1976.18,ensayo_01_kinova,Linea_Base_WiFi6,30.86,24.69,0.0,6.17,24.69,1956.2,1994.5,22.3,17.7,3.32,0.01,0.0,0.5,0.2,0.0,0;2;16;42,0
2026-08-06T18:00:33Z,1977.92,ensayo_01_kinova,Linea_Base_WiFi6,29.62,23.7,0.0,5.92,23.7,2056.8,1734.5,17.8,15.5,11.15,7.49,0.0,0.5,0.2,0.0,0;2;16;42,0
2026-08-06T18:00:34Z,1979.66,ensayo_01_kinova,Linea_Base_WiFi6,85.86,68.69,0.0,17.17,68.69,9015.7,1974.5,23.0,17.2,3.96,0.21,0.0,0.5,0.2,0.0,0;2;16;42,0
2026-08-06T18:00:36Z,1981.4,ensayo_01_kinova,Linea_Base_WiFi6,24.57,19.66,0.0,4.91,19.66,1536.0,1609.5,17.8,14.3,3.65,1.46,0.0,0.5,0.2,0.0,0;2;16;42,0
2026-08-06T18:00:38Z,1983.15,ensayo_01_kinova,Linea_Base_WiFi6,37.09,29.67,0.0,7.42,29.67,1958.4,2789.0,20.7,20.7,3.41,0.64,0.0,0.5,0.2,0.0,0;2;16;42,0
2026-08-06T18:00:40Z,1984.88,ensayo_01_kinova,Linea_Base_WiFi6,33.5,26.8,0.0,6.7,26.8,2243.3,2044.3,18.4,19.0,4.17,0.65,0.0,0.5,0.2,0.0,0;2;16;42,0
2026-08-06T18:00:41Z,1986.63,ensayo_01_kinova,Linea_Base_WiFi6,17.95,14.36,0.0,3.59,14.36,1055.2,1242.2,10.3,10.9,9.94,5.28,0.0,0.5,0.2,0.0,0;2;16;42,0
2026-08-06T18:00:43Z,1988.37,ensayo_01_kinova,Linea_Base_WiFi6,120.63,96.5,0.0,24.13,96.5,10226.1,5214.8,24.7,27.5,5.68,0.96,0.0,0.5,0.2,0.0,0;2;16;42,0
2026-08-06T18:00:45Z,1990.12,ensayo_01_kinova,Linea_Base_WiFi6,125.35,100.28,0.0,25.07,100.28,12032.8,4012.1,30.4,28.7,4.82,0.77,0.0,0.5,0.2,0.0,0;2;16;42,0
2026-08-06T18:00:47Z,1991.86,ensayo_01_kinova,Linea_Base_WiFi6,20.28,16.22,0.0,4.06,16.22,1609.9,986.2,8.6,9.8,7.68,3.43,0.0,0.5,0.2,0.0,0;2;16;42,0
2026-08-06T18:00:48Z,1993.61,ensayo_01_kinova,Linea_Base_WiFi6,35.54,28.43,0.0,7.11,28.43,2353.3,2195.4,19.4,20.0,5.55,1.51,0.0,0.5,0.2,0.0,0;2;16;42,0
2026-08-06T18:00:50Z,1995.35,ensayo_01_kinova,Linea_Base_WiFi6,31.01,24.81,0.0,6.2,24.81,1677.7,2291.6,17.8,18.9,6.14,2.52,0.0,0.5,0.2,0.0,0;2;16;42,0
2026-08-06T18:00:52Z,1997.09,ensayo_01_kinova,Linea_Base_WiFi6,25.93,20.74,0.0,5.19,20.74,1514.5,1804.9,14.9,15.5,16.02,12.11,0.0,0.5,0.2,0.0,0;2;16;42,0
2026-08-06T18:00:53Z,1998.83,ensayo_01_kinova,Linea_Base_WiFi6,64.94,51.95,0.0,12.99,51.95,3783.2,4528.8,17.8,18.9,44.65,37.52,0.0,0.5,0.2,0.0,0;2;16;42,0
2026-08-06T18:00:55Z,2000.65,ensayo_01_kinova,Linea_Base_WiFi6,32.47,25.98,0.0,6.49,25.98,2159.1,1997.0,17.0,17.6,4.59,0.68,0.0,0.5,0.2,0.0,0;2;16;42,0
2026-08-06T18:00:57Z,2002.4,ensayo_01_kinova,Linea_Base_WiFi6,22.13,17.7,0.0,4.43,17.7,1258.7,1573.3,12.6,13.8,3.52,0.3,0.0,0.5,0.2,0.0,0;2;16;42,0
2026-08-06T18:00:59Z,2004.14,ensayo_01_kinova,Linea_Base_WiFi6,39.22,31.38,0.0,7.84,31.38,2187.7,2833.0,24.1,25.3,33.23,14.57,0.0,0.5,0.2,0.0,0;2;16;42,0
2026-08-06T18:01:01Z,2005.89,ensayo_01_kinova,Linea_Base_WiFi6,171.07,136.86,0.0,34.21,136.86,15801.2,6095.7,23.3,26.2,14.87,7.86,0.0,0.5,0.2,0.0,0;2;16;42,0
2026-08-06T18:01:02Z,2007.64,ensayo_01_kinova,Linea_Base_WiFi6,27.6,22.08,0.0,5.52,22.08,1633.9,1899.5,16.0,16.0,16.12,12.35,0.0,0.5,0.2,0.0,0;2;16;42,0
2026-08-06T18:01:04Z,2009.41,ensayo_01_kinova,Linea_Base_WiFi6,32.52,26.02,0.0,6.5,26.02,2158.4,2004.4,18.1,19.3,11.53,4.58,0.0,0.5,0.2,0.0,0;2;16;42,0
2026-08-06T18:01:06Z,2011.16,ensayo_01_kinova,Linea_Base_WiFi6,33.3,26.64,0.0,6.66,26.64,1815.5,2447.3,18.2,19.4,5.36,0.58,0.0,0.5,0.2,0.0,0;2;16;42,0
2026-08-06T18:01:08Z,2012.91,ensayo_01_kinova,Linea_Base_WiFi6,16.1,12.88,0.0,3.22,12.88,978.3,1082.1,10.9,10.3,10.97,5.75,0.0,0.5,0.2,0.0,0;2;16;42,0
2026-08-06T18:01:09Z,2014.65,ensayo_01_kinova,Linea_Base_WiFi6,58.9,47.12,0.0,11.78,47.12,2691.8,4847.0,25.2,25.8,6.18,2.47,0.0,0.5,0.2,0.0,0;2;16;42,0
2026-08-06T18:01:11Z,2016.39,ensayo_01_kinova,Linea_Base_WiFi6,68.35,54.68,0.0,13.67,54.68,3517.9,5230.7,24.7,24.1,19.74,11.7,0.0,0.5,0.2,0.0,0;2;16;42,0
2026-08-06T18:01:13Z,2018.14,ensayo_01_kinova,Linea_Base_WiFi6,27.76,22.21,0.0,5.55,22.21,1667.4,1885.7,17.2,16.6,5.27,1.5,0.0,0.5,0.2,0.0,0;2;16;42,0
2026-08-06T18:01:15Z,2019.88,ensayo_01_kinova,Linea_Base_WiFi6,23.27,18.62,0.0,4.65,18.62,1238.0,1740.2,13.8,15.5,41.44,36.16,0.0,0.5,0.2,0.0,0;2;16;42,0
2026-08-06T18:01:16Z,2021.7,ensayo_01_kinova,Linea_Base_WiFi6,29.56,23.65,0.0,5.91,23.65,1638.4,2145.2,17.1,17.6,7.62,2.04,0.0,0.5,0.2,0.0,0;2;16;42,0
2026-08-06T18:01:18Z,2023.44,ensayo_01_kinova,Linea_Base_WiFi6,30.3,24.24,0.0,6.06,24.24,1642.8,2235.3,17.2,17.8,26.44,5.39,0.0,0.5,0.2,0.0,0;2;16;42,0
2026-08-06T18:01:20Z,2025.2,ensayo_01_kinova,Linea_Base_WiFi6,36.49,29.19,0.0,7.3,29.19,2444.5,2226.8,21.0,21.0,8.89,5.32,0.0,0.5,0.2,0.0,0;2;16;42,0
2026-08-06T18:01:22Z,2026.95,ensayo_01_kinova,Linea_Base_WiFi6,29.53,23.62,0.0,5.91,23.62,1561.5,2217.9,16.0,17.7,4.72,0.82,0.0,0.5,0.2,0.0,0;2;16;42,0
2026-08-06T18:01:23Z,2028.69,ensayo_01_kinova,Linea_Base_WiFi6,17.96,14.37,0.0,3.59,14.37,1121.0,1178.4,12.6,10.9,5.6,2.68,0.0,0.5,0.2,0.0,0;2;16;42,0
2026-08-06T18:01:25Z,2030.44,ensayo_01_kinova,Linea_Base_WiFi6,32.14,25.71,0.0,6.43,25.71,1630.3,2483.8,17.2,18.3,4.75,1.59,0.0,0.5,0.2,0.0,0;2;16;42,0
2026-08-06T18:01:27Z,2032.18,ensayo_01_kinova,Linea_Base_WiFi6,29.89,23.91,0.0,5.98,23.91,1898.1,1928.0,16.7,16.7,13.79,6.24,0.0,0.5,0.2,0.0,0;2;16;42,0
2026-08-06T18:01:29Z,2033.93,ensayo_01_kinova,Linea_Base_WiFi6,18.76,15.01,0.0,3.75,15.01,1273.4,1127.7,12.0,11.5,23.18,19.49,0.0,0.5,0.2,0.0,0;2;16;42,0
2026-08-06T18:01:30Z,2035.71,ensayo_01_kinova,Linea_Base_WiFi6,35.99,28.79,0.0,7.2,28.79,1982.4,2624.5,21.3,22.5,13.44,2.41,0.0,0.5,0.2,0.0,0;2;16;42,0
2026-08-06T18:01:32Z,2037.46,ensayo_01_kinova,Linea_Base_WiFi6,23.01,18.41,0.0,4.6,18.41,1316.0,1629.4,13.7,14.9,15.98,10.32,0.0,0.5,0.2,0.0,0;2;16;42,0
2026-08-06T18:01:34Z,2039.2,ensayo_01_kinova,Linea_Base_WiFi6,37.85,30.28,0.0,7.57,30.28,1971.4,2873.9,20.6,22.4,8.11,2.4,0.0,0.5,0.2,0.0,0;2;16;42,0
2026-08-06T18:01:36Z,2040.94,ensayo_01_kinova,Linea_Base_WiFi6,31.37,25.1,0.0,6.27,25.1,2126.6,1889.2,17.8,17.2,4.18,0.9,0.0,0.5,0.2,0.0,0;2;16;42,0
2026-08-06T18:01:37Z,2042.68,ensayo_01_kinova,Linea_Base_WiFi6,21.61,17.29,0.0,4.32,17.29,1139.6,1626.4,11.5,12.6,9.49,5.26,0.0,0.5,0.2,0.0,0;2;16;42,0
2026-08-06T18:01:39Z,2044.44,ensayo_01_kinova,Linea_Base_WiFi6,30.44,24.35,0.0,6.09,24.35,1816.4,2079.5,21.1,20.0,24.73,20.76,0.0,0.5,0.2,0.0,0;2;16;42,0
2026-08-06T18:01:41Z,2046.18,ensayo_01_kinova,Linea_Base_WiFi6,38.45,30.76,0.0,7.69,30.76,2050.7,2871.4,21.8,21.2,10.14,5.15,0.0,0.5,0.2,0.0,0;2;16;42,0
2026-08-06T18:01:43Z,2047.92,ensayo_01_kinova,Linea_Base_WiFi6,13.09,10.47,0.0,2.62,10.47,770.4,905.2,8.6,8.6,25.69,4.72,0.0,0.5,0.2,0.0,0;2;16;42,0
2026-08-06T18:01:44Z,2049.69,ensayo_01_kinova,Linea_Base_WiFi6,69.0,55.2,0.0,13.8,55.2,6161.5,2670.8,23.2,23.2,6.01,0.41,0.0,0.5,0.2,0.0,0;2;16;42,0
2026-08-06T18:01:46Z,2051.44,ensayo_01_kinova,Linea_Base_WiFi6,29.24,23.39,0.0,5.85,23.39,1522.9,2219.7,15.5,17.8,4.59,1.24,0.0,0.5,0.2,0.0,0;2;16;42,0
2026-08-06T18:01:48Z,2053.18,ensayo_01_kinova,Linea_Base_WiFi6,26.44,21.15,0.0,5.29,21.15,1542.9,1841.5,15.5,16.0,3.77,0.1,0.0,0.5,0.2,0.0,0;2;16;42,0
2026-08-06T18:01:50Z,2054.92,ensayo_01_kinova,Linea_Base_WiFi6,24.46,19.57,0.0,4.89,19.57,1230.6,1899.6,14.4,14.4,3.99,0.74,0.0,0.5,0.2,0.0,0;2;16;42,0
2026-08-06T18:01:51Z,2056.66,ensayo_01_kinova,Linea_Base_WiFi6,35.48,28.38,0.0,7.1,28.38,2417.1,2124.3,20.7,18.9,8.0,4.54,0.0,0.5,0.2,0.0,0;2;16;42,0
2026-08-06T18:01:53Z,2058.4,ensayo_01_kinova,Linea_Base_WiFi6,22.91,18.33,0.0,4.58,18.33,1320.2,1612.6,13.8,14.4,41.09,0.74,0.0,0.5,0.2,0.0,0;2;16;42,0
2026-08-06T18:01:55Z,2060.18,ensayo_01_kinova,Linea_Base_WiFi6,37.61,30.09,0.0,7.52,30.09,2165.9,2647.7,23.1,21.9,10.85,6.69,0.0,0.5,0.2,0.0,0;2;16;42,0
2026-08-06T18:01:57Z,2061.92,ensayo_01_kinova,Linea_Base_WiFi6,21.27,17.02,0.0,4.25,17.02,974.1,1748.4,10.9,12.1,6.25,2.73,0.0,0.5,0.2,0.0,0;2;16;42,0
2026-08-06T18:01:58Z,2063.66,ensayo_01_kinova,Linea_Base_WiFi6,28.69,22.95,0.0,5.74,22.95,1786.8,1885.6,19.5,16.7,5.56,2.17,0.0,0.5,0.2,0.0,0;2;16;42,0
2026-08-06T18:02:00Z,2065.41,ensayo_01_kinova,Linea_Base_WiFi6,37.77,30.22,0.0,7.55,30.22,2569.0,2266.2,24.7,22.4,6.02,0.78,0.0,0.5,0.2,0.0,0;2;16;42,0
2026-08-06T18:02:02Z,2067.15,ensayo_01_kinova,Linea_Base_WiFi6,33.11,26.49,0.0,6.62,26.49,1828.7,2408.8,18.9,18.9,8.11,3.0,0.0,0.5,0.2,0.0,0;2;16;42,0
2026-08-06T18:02:04Z,2068.9,ensayo_01_kinova,Linea_Base_WiFi6,1662.6,1330.08,0.0,332.52,1330.08,202154.8,10657.8,129.2,111.5,9.39,0.99,0.0,0.5,0.2,0.0,0;2;16;42,0
2026-08-06T18:02:05Z,2070.65,ensayo_01_kinova,Linea_Base_WiFi6,36.02,28.82,0.0,7.2,28.82,1883.7,2727.2,19.5,20.0,7.97,0.26,0.0,0.5,0.2,0.0,0;2;16;42,0
2026-08-06T18:02:07Z,2072.4,ensayo_01_kinova,Linea_Base_WiFi6,30.79,24.63,0.0,6.16,24.63,2012.6,1929.1,15.4,17.2,5.01,0.28,0.0,0.5,0.2,0.0,0;2;16;42,0
2026-08-06T18:02:09Z,2074.14,ensayo_01_kinova,Linea_Base_WiFi6,31.41,25.13,0.0,6.28,25.13,1926.0,2094.5,21.8,20.1,4.55,0.49,0.0,0.5,0.2,0.0,0;2;16;42,0
2026-08-06T18:02:11Z,2075.88,ensayo_01_kinova,Linea_Base_WiFi6,80.03,64.02,0.0,16.01,64.02,3386.1,6857.2,25.3,21.8,5.19,1.03,0.0,0.5,0.2,0.0,0;2;16;42,0
2026-08-06T18:02:12Z,2077.63,ensayo_01_kinova,Linea_Base_WiFi6,28.0,22.4,0.0,5.6,22.4,1510.1,2073.3,14.9,16.0,8.68,0.79,0.0,0.5,0.2,0.0,0;2;16;42,0
2026-08-06T18:02:14Z,2079.38,ensayo_01_kinova,Linea_Base_WiFi6,34.26,27.41,0.0,6.85,27.41,1840.0,2545.4,20.0,22.3,7.47,3.79,0.0,0.5,0.2,0.0,0;2;16;42,0
2026-08-06T18:02:16Z,2081.12,ensayo_01_kinova,Linea_Base_WiFi6,33.72,26.98,0.0,6.74,26.98,2245.9,2070.9,17.7,18.3,6.75,2.83,0.0,0.5,0.2,0.0,0;2;16;42,0
2026-08-06T18:02:18Z,2082.87,ensayo_01_kinova,Linea_Base_WiFi6,19.03,15.22,0.0,3.81,15.22,950.8,1484.9,9.7,11.4,17.42,6.44,0.0,0.5,0.2,0.0,0;2;16;42,0
2026-08-06T18:02:19Z,2084.63,ensayo_01_kinova,Linea_Base_WiFi6,28.48,22.78,0.0,5.7,22.78,1685.8,1959.9,17.6,18.2,8.76,4.49,0.0,0.5,0.2,0.0,0;2;16;42,0
2026-08-06T18:02:21Z,2086.38,ensayo_01_kinova,Linea_Base_WiFi6,34.41,27.53,0.0,6.88,27.53,1741.0,2663.1,18.4,20.6,54.59,24.94,0.0,0.5,0.2,0.0,0;2;16;42,0
2026-08-06T18:02:23Z,2088.2,ensayo_01_kinova,Linea_Base_WiFi6,30.25,24.2,0.0,6.05,24.2,1923.1,1948.9,17.6,17.6,30.68,21.86,0.0,0.5,0.2,0.0,0;2;16;42,0
2026-08-06T18:02:25Z,2089.94,ensayo_01_kinova,Linea_Base_WiFi6,20.14,16.11,0.0,4.03,16.11,1295.0,1283.0,11.4,13.2,4.03,0.21,0.0,0.5,0.2,0.0,0;2;16;42,0
2026-08-06T18:02:26Z,2091.68,ensayo_01_kinova,Linea_Base_WiFi6,34.66,27.73,0.0,6.93,27.73,1894.0,2542.1,19.0,20.1,26.93,20.95,0.0,0.5,0.2,0.0,0;2;16;42,0
2026-08-06T18:02:28Z,2093.47,ensayo_01_kinova,Linea_Base_WiFi6,22.11,17.69,0.0,4.42,17.69,1257.5,1573.0,12.9,14.0,10.51,6.14,0.0,0.5,0.2,0.0,0;2;16;42,0
2026-08-06T18:02:30Z,2095.21,ensayo_01_kinova,Linea_Base_WiFi6,40.92,32.74,0.0,8.18,32.74,2173.6,3063.6,23.5,25.2,7.38,3.48,0.0,0.5,0.2,0.0,0;2;16;42,0
2026-08-06T18:02:32Z,2096.96,ensayo_01_kinova,Linea_Base_WiFi6,21.03,16.82,0.0,4.21,16.82,1546.0,1145.5,12.0,10.9,23.82,0.62,0.0,0.5,0.2,0.0,0;2;16;42,0
2026-08-06T18:02:33Z,2098.72,ensayo_01_kinova,Linea_Base_WiFi6,33.02,26.42,0.0,6.6,26.42,1787.7,2439.2,18.7,19.3,4.17,0.14,0.0,0.5,0.2,0.0,0;2;16;42,0
2026-08-06T18:02:35Z,2100.46,ensayo_01_kinova,Linea_Base_WiFi6,25.37,20.3,0.0,5.07,20.3,1538.6,1708.4,16.6,16.1,88.25,12.08,0.0,0.5,0.2,0.0,0;2;16;42,0
2026-08-06T18:02:37Z,2102.28,ensayo_01_kinova,Linea_Base_WiFi6,37.21,29.77,0.0,7.44,29.77,1915.1,2847.9,19.8,21.5,27.72,7.55,0.0,0.5,0.2,0.0,0;2;16;42,0
2026-08-06T18:02:39Z,2104.05,ensayo_01_kinova,Linea_Base_WiFi6,30.12,24.1,0.0,6.02,24.1,1903.5,1952.0,18.6,19.2,29.29,5.19,0.0,0.5,0.2,0.0,0;2;16;42,0
2026-08-06T18:02:40Z,2105.81,ensayo_01_kinova,Linea_Base_WiFi6,23.27,18.62,0.0,4.65,18.62,1647.7,1331.2,15.3,11.9,5.38,0.78,0.0,0.5,0.2,0.0,0;2;16;42,0
2026-08-06T18:02:42Z,2107.56,ensayo_01_kinova,Linea_Base_WiFi6,29.84,23.87,0.0,5.97,23.87,1606.9,2212.8,16.6,17.2,6.06,0.23,0.0,0.5,0.2,0.0,0;2;16;42,0
2026-08-06T18:02:44Z,2109.3,ensayo_01_kinova,Linea_Base_WiFi6,66.08,52.86,0.0,13.22,52.86,5641.2,2816.6,21.8,22.4,4.71,0.64,0.0,0.5,0.2,0.0,0;2;16;42,0
2026-08-06T18:02:46Z,2111.05,ensayo_01_kinova,Linea_Base_WiFi6,33.27,26.62,0.0,6.65,26.62,1680.6,2577.5,18.4,19.5,4.71,1.15,0.0,0.5,0.2,0.0,0;2;16;42,0
2026-08-06T18:02:47Z,2112.79,ensayo_01_kinova,Linea_Base_WiFi6,23.43,18.74,0.0,4.69,18.74,1654.1,1344.8,11.5,12.1,3.83,0.49,0.0,0.5,0.2,0.0,0;2;16;42,0
2026-08-06T18:02:49Z,2114.52,ensayo_01_kinova,Linea_Base_WiFi6,25.75,20.6,0.0,5.15,20.6,1504.8,1791.1,16.7,17.2,4.13,0.02,0.0,0.5,0.2,0.0,0;2;16;42,0
2026-08-06T18:02:51Z,2116.27,ensayo_01_kinova,Linea_Base_WiFi6,34.78,27.82,0.0,6.96,27.82,1880.6,2570.6,18.9,20.7,4.28,0.42,0.0,0.5,0.2,0.0,0;2;16;42,0
2026-08-06T18:02:53Z,2118.01,ensayo_01_kinova,Linea_Base_WiFi6,21.38,17.1,0.0,4.28,17.1,977.1,1760.2,10.3,12.0,5.74,1.59,0.0,0.5,0.2,0.0,0;2;16;42,0
2026-08-06T18:02:54Z,2119.76,ensayo_01_kinova,Linea_Base_WiFi6,31.43,25.14,0.0,6.29,25.14,1999.5,2023.0,18.3,18.3,3.66,0.14,0.0,0.5,0.2,0.0,0;2;16;42,0
2026-08-06T18:02:56Z,2121.5,ensayo_01_kinova,Linea_Base_WiFi6,26.62,21.3,0.0,5.32,21.3,1673.7,1734.0,14.9,15.5,8.53,1.52,0.0,0.5,0.2,0.0,0;2;16;42,0
2026-08-06T18:02:58Z,2123.25,ensayo_01_kinova,Linea_Base_WiFi6,33.24,26.59,0.0,6.65,26.59,1774.9,2479.6,17.7,19.4,24.71,9.96,0.0,0.5,0.2,0.0,0;2;16;42,0
2026-08-06T18:03:00Z,2125.0,ensayo_01_kinova,Linea_Base_WiFi6,17.62,14.1,0.0,3.52,14.1,983.0,1272.2,11.4,14.3,11.38,0.66,0.0,0.5,0.2,0.0,0;2;16;42,0
2026-08-06T18:03:01Z,2126.75,ensayo_01_kinova,Linea_Base_WiFi6,100.71,80.57,0.0,20.14,80.57,6099.3,6792.0,27.4,27.4,10.0,5.44,0.0,0.5,0.2,0.0,0;2;16;42,0
2026-08-06T18:03:03Z,2128.49,ensayo_01_kinova,Linea_Base_WiFi6,44.37,35.5,0.0,8.87,35.5,3735.1,1943.9,16.6,17.8,9.85,2.76,0.0,0.5,0.2,0.0,0;2;16;42,0
2026-08-06T18:03:05Z,2130.24,ensayo_01_kinova,Linea_Base_WiFi6,28.66,22.93,0.0,5.73,22.93,1696.5,1972.4,17.7,18.3,17.78,1.57,0.0,0.5,0.2,0.0,0;2;16;42,0
2026-08-06T18:03:07Z,2132.0,ensayo_01_kinova,Linea_Base_WiFi6,19.94,15.95,0.0,3.99,15.95,1014.7,1537.8,10.8,12.5,22.9,16.98,0.0,0.5,0.2,0.0,0;2;16;42,0
2026-08-06T18:03:08Z,2133.77,ensayo_01_kinova,Linea_Base_WiFi6,29.53,23.62,0.0,5.91,23.62,1610.1,2170.0,16.9,18.0,6.94,0.7,0.0,0.5,0.2,0.0,0;2;16;42,0
2026-08-06T18:03:10Z,2135.52,ensayo_01_kinova,Linea_Base_WiFi6,93.71,74.97,0.0,18.74,74.97,4226.8,7768.1,30.9,30.4,16.15,7.44,0.0,0.5,0.2,0.0,0;2;16;42,0
2026-08-06T18:03:12Z,2137.27,ensayo_01_kinova,Linea_Base_WiFi6,32.06,25.65,0.0,6.41,25.65,2061.8,2042.4,19.5,17.7,5.08,0.62,0.0,0.5,0.2,0.0,0;2;16;42,0
2026-08-06T18:03:14Z,2139.01,ensayo_01_kinova,Linea_Base_WiFi6,21.97,17.58,0.0,4.39,17.58,1122.4,1690.2,12.6,14.3,7.39,1.41,0.0,0.5,0.2,0.0,0;2;16;42,0
2026-08-06T18:03:15Z,2140.76,ensayo_01_kinova,Linea_Base_WiFi6,28.01,22.41,0.0,5.6,22.41,1640.6,1944.0,17.2,17.7,7.66,0.9,0.0,0.5,0.2,0.0,0;2;16;42,0
2026-08-06T18:03:17Z,2142.51,ensayo_01_kinova,Linea_Base_WiFi6,31.13,24.9,0.0,6.23,24.9,1527.6,2456.7,15.4,17.7,49.98,45.44,0.0,0.5,0.2,0.0,0;2;16;42,0
2026-08-06T18:03:19Z,2144.25,ensayo_01_kinova,Linea_Base_WiFi6,32.78,26.22,0.0,6.56,26.22,2128.6,2067.8,20.7,18.9,5.66,0.33,0.0,0.5,0.2,0.0,0;2;16;42,0
2026-08-06T18:03:21Z,2145.99,ensayo_01_kinova,Linea_Base_WiFi6,18.63,14.9,0.0,3.73,14.9,1321.5,1063.3,13.2,10.3,3.4,0.07,0.0,0.5,0.2,0.0,0;2;16;42,0
2026-08-06T18:03:22Z,2147.73,ensayo_01_kinova,Linea_Base_WiFi6,34.38,27.5,0.0,6.88,27.5,1937.4,2463.0,20.7,19.5,19.31,12.55,0.0,0.5,0.2,0.0,0;2;16;42,0
2026-08-06T18:03:24Z,2149.48,ensayo_01_kinova,Linea_Base_WiFi6,26.08,20.86,0.0,5.22,20.86,1628.6,1710.0,18.9,16.0,22.81,13.82,0.0,0.5,0.2,0.0,0;2;16;42,0
2026-08-06T18:03:26Z,2151.25,ensayo_01_kinova,Linea_Base_WiFi6,34.25,27.4,0.0,6.85,27.4,1773.2,2610.3,18.0,18.6,5.28,1.72,0.0,0.5,0.2,0.0,0;2;16;42,0
2026-08-06T18:03:28Z,2153.0,ensayo_01_kinova,Linea_Base_WiFi6,21.8,17.44,0.0,4.36,17.44,1618.9,1171.3,13.8,11.5,7.08,3.48,0.0,0.5,0.2,0.0,0;2;16;42,0
2026-08-06T18:03:29Z,2154.74,ensayo_01_kinova,Linea_Base_WiFi6,33.57,26.86,0.0,6.71,26.86,1868.1,2429.3,20.1,20.1,20.82,10.5,0.0,0.5,0.2,0.0,0;2;16;42,0
2026-08-06T18:03:31Z,2156.51,ensayo_01_kinova,Linea_Base_WiFi6,30.9,24.72,0.0,6.18,24.72,1891.1,2063.5,21.5,19.8,4.1,0.49,0.0,0.5,0.2,0.0,0;2;16;42,0
2026-08-06T18:03:33Z,2158.25,ensayo_01_kinova,Linea_Base_WiFi6,38.17,30.54,0.0,7.63,30.54,2080.1,2806.1,23.0,21.2,7.87,4.45,0.0,0.5,0.2,0.0,0;2;16;42,0
2026-08-06T18:03:35Z,2160.0,ensayo_01_kinova,Linea_Base_WiFi6,20.04,16.03,0.0,4.01,16.03,1331.1,1234.6,12.6,13.1,11.9,3.2,0.0,0.5,0.2,0.0,0;2;16;42,0
2026-08-06T18:03:36Z,2161.75,ensayo_01_kinova,Linea_Base_WiFi6,32.92,26.34,0.0,6.58,26.34,2171.8,2042.3,21.2,18.3,9.79,2.04,0.0,0.5,0.2,0.0,0;2;16;42,0
2026-08-06T18:03:38Z,2163.49,ensayo_01_kinova,Linea_Base_WiFi6,30.25,24.2,0.0,6.05,24.2,1681.8,2189.8,18.3,17.2,5.62,2.23,0.0,0.5,0.2,0.0,0;2;16;42,0
2026-08-06T18:03:40Z,2165.24,ensayo_01_kinova,Linea_Base_WiFi6,33.46,26.77,0.0,6.69,26.77,2063.3,2218.9,22.3,21.2,5.25,0.05,0.0,0.5,0.2,0.0,0;2;16;42,0
2026-08-06T18:03:42Z,2166.98,ensayo_01_kinova,Linea_Base_WiFi6,20.83,16.66,0.0,4.17,16.66,946.0,1720.5,9.8,11.5,34.34,29.17,0.0,0.5,0.2,0.0,0;2;16;42,0
2026-08-06T18:03:43Z,2168.73,ensayo_01_kinova,Linea_Base_WiFi6,68.79,55.03,0.0,13.76,55.03,6148.4,2656.4,20.6,21.8,17.04,13.81,0.0,0.5,0.2,0.0,0;2;16;42,0
2026-08-06T18:03:45Z,2170.5,ensayo_01_kinova,Linea_Base_WiFi6,24.8,19.84,0.0,4.96,19.84,1424.7,1750.1,15.3,16.9,5.94,1.01,0.0,0.5,0.2,0.0,0;2;16;42,0
2026-08-06T18:03:47Z,2172.25,ensayo_01_kinova,Linea_Base_WiFi6,32.55,26.04,0.0,6.51,26.04,1747.2,2419.3,17.2,18.9,8.81,0.0,50.0,0.5,0.2,0.0,0;2;16;42,0
2026-08-06T18:03:49Z,2174.08,ensayo_01_kinova,Linea_Base_WiFi6,32.38,25.9,0.0,6.48,25.9,1688.3,2456.3,19.0,19.0,8.83,5.21,0.0,0.5,0.2,0.0,0;2;16;42,0
2026-08-06T18:03:51Z,2175.84,ensayo_01_kinova,Linea_Base_WiFi6,22.04,17.63,0.0,4.41,17.63,1532.0,1288.9,14.8,12.0,4.96,1.66,0.0,0.5,0.2,0.0,0;2;16;42,0
2026-08-06T18:03:52Z,2177.58,ensayo_01_kinova,Linea_Base_WiFi6,27.47,21.98,0.0,5.49,21.98,1746.6,1769.6,16.1,16.1,5.46,1.06,0.0,0.5,0.2,0.0,0;2;16;42,0
2026-08-06T18:03:54Z,2179.32,ensayo_01_kinova,Linea_Base_WiFi6,37.37,29.9,0.0,7.47,29.9,2087.8,2695.5,22.4,22.4,9.32,4.48,0.0,0.5,0.2,0.0,0;2;16;42,0
2026-08-06T18:03:56Z,2181.07,ensayo_01_kinova,Linea_Base_WiFi6,14.18,11.34,0.0,2.84,11.34,949.2,865.5,12.0,8.0,12.53,6.27,0.0,0.5,0.2,0.0,0;2;16;42,0
2026-08-06T18:03:57Z,2182.81,ensayo_01_kinova,Linea_Base_WiFi6,38.69,30.95,0.0,7.74,30.95,2082.5,2869.3,22.9,21.8,5.01,0.65,0.0,0.5,0.2,0.0,0;2;16;42,0
2026-08-06T18:03:59Z,2184.56,ensayo_01_kinova,Linea_Base_WiFi6,1695.16,1356.13,0.0,339.03,1356.13,204491.7,12488.6,156.0,127.3,5.84,2.93,0.0,0.5,0.2,0.0,0;2;16;42,0
2026-08-06T18:04:01Z,2186.3,ensayo_01_kinova,Linea_Base_WiFi6,94.77,75.82,0.0,18.95,75.82,6031.6,6098.6,28.6,26.3,4.62,0.66,0.0,0.5,0.2,0.0,0;2;16;42,0
2026-08-06T18:04:03Z,2188.05,ensayo_01_kinova,Linea_Base_WiFi6,20.04,16.03,0.0,4.01,16.03,1038.9,1525.9,11.5,12.0,9.02,4.83,0.0,0.5,0.2,0.0,0;2;16;42,0
2026-08-06T18:04:04Z,2189.79,ensayo_01_kinova,Linea_Base_WiFi6,33.45,26.76,0.0,6.69,26.76,1879.8,2402.0,20.1,20.1,4.22,0.8,0.0,0.5,0.2,0.0,0;2;16;42,0
2026-08-06T18:04:06Z,2191.53,ensayo_01_kinova,Linea_Base_WiFi6,31.85,25.48,0.0,6.37,25.48,1869.5,2207.1,16.7,17.8,10.93,3.14,0.0,0.5,0.2,0.0,0;2;16;42,0
2026-08-06T18:04:08Z,2193.28,ensayo_01_kinova,Linea_Base_WiFi6,32.07,25.66,0.0,6.41,25.66,2030.3,2074.2,18.8,18.2,5.9,1.85,0.0,0.5,0.2,0.0,0;2;16;42,0
2026-08-06T18:04:10Z,2195.03,ensayo_01_kinova,Linea_Base_WiFi6,86.45,69.16,0.0,17.29,69.16,3780.0,7285.8,31.5,28.1,4.24,0.31,0.0,0.5,0.2,0.0,0;2;16;42,0
2026-08-06T18:04:11Z,2196.77,ensayo_01_kinova,Linea_Base_WiFi6,26.28,21.02,0.0,5.26,21.02,1536.7,1826.9,15.5,16.1,5.55,2.0,0.0,0.5,0.2,0.0,0;2;16;42,0
2026-08-06T18:04:13Z,2198.52,ensayo_01_kinova,Linea_Base_WiFi6,31.7,25.36,0.0,6.34,25.36,1559.6,2498.0,16.0,18.3,8.15,4.56,0.0,0.5,0.2,0.0,0;2;16;42,0
2026-08-06T18:04:15Z,2200.27,ensayo_01_kinova,Linea_Base_WiFi6,33.94,27.15,0.0,6.79,27.15,2138.7,2206.1,20.6,21.1,7.58,0.04,0.0,0.5,0.2,0.0,0;2;16;42,0
2026-08-06T18:04:17Z,2202.02,ensayo_01_kinova,Linea_Base_WiFi6,16.01,12.81,0.0,3.2,12.81,1064.2,985.2,8.6,9.2,53.83,30.3,0.0,0.5,0.2,0.0,0;2;16;42,0
2026-08-06T18:04:18Z,2203.78,ensayo_01_kinova,Linea_Base_WiFi6,33.99,27.19,0.0,6.8,27.19,1877.6,2473.0,19.3,19.9,20.55,14.76,0.0,0.5,0.2,0.0,0;2;16;42,0
2026-08-06T18:04:20Z,2205.55,ensayo_01_kinova,Linea_Base_WiFi6,23.8,19.04,0.0,4.76,19.04,1374.1,1672.1,14.6,15.8,26.01,17.23,0.0,0.5,0.2,0.0,0;2;16;42,0
2026-08-06T18:04:22Z,2207.33,ensayo_01_kinova,Linea_Base_WiFi6,41.04,32.83,0.0,8.21,32.83,2290.6,2962.0,21.3,22.5,32.11,3.53,0.0,0.5,0.2,0.0,0;2;16;42,0
2026-08-06T18:04:24Z,2209.1,ensayo_01_kinova,Linea_Base_WiFi6,46.38,37.1,0.0,9.28,37.1,2586.6,3349.5,21.5,17.5,17.91,11.14,0.0,0.5,0.2,0.0,0;2;16;42,0
2026-08-06T18:04:26Z,2210.87,ensayo_01_kinova,Linea_Base_WiFi6,391.03,312.82,0.0,78.21,312.82,36878.5,13173.7,74.7,71.9,20.91,6.41,0.0,0.5,0.2,0.0,0;2;16;42,0
2026-08-06T18:04:27Z,2212.62,ensayo_01_kinova,Linea_Base_WiFi6,140.71,112.57,0.0,28.14,112.57,11603.8,6407.1,34.8,35.4,4.45,1.23,0.0,0.5,0.2,0.0,0;2;16;42,0
2026-08-06T18:04:29Z,2214.36,ensayo_01_kinova,Linea_Base_WiFi6,296.23,236.98,0.0,59.25,236.98,18448.6,19468.6,68.3,66.0,8.72,1.38,0.0,0.5,0.2,0.0,0;2;16;42,0
2026-08-06T18:04:31Z,2216.11,ensayo_01_kinova,Linea_Base_WiFi6,194.86,155.89,0.0,38.97,155.89,10851.2,14090.3,48.7,43.5,5.94,1.0,0.0,0.5,0.2,0.0,0;2;16;42,0
2026-08-06T18:04:33Z,2217.86,ensayo_01_kinova,Linea_Base_WiFi6,43.04,34.43,0.0,8.61,34.43,2769.8,2739.4,21.8,17.8,5.06,0.1,0.0,0.5,0.2,0.0,0;2;16;42,0
2026-08-06T18:04:34Z,2219.6,ensayo_01_kinova,Linea_Base_WiFi6,28.12,22.5,0.0,5.62,22.5,1608.1,1991.2,17.8,16.6,37.39,21.2,0.0,0.5,0.2,0.0,0;2;16;42,0
2026-08-06T18:04:36Z,2221.4,ensayo_01_kinova,Linea_Base_WiFi6,31.01,24.81,0.0,6.2,24.81,1668.3,2300.5,17.3,18.4,4.92,1.23,0.0,0.5,0.2,0.0,0;2;16;42,0
2026-08-06T18:04:38Z,2223.14,ensayo_01_kinova,Linea_Base_WiFi6,39.39,31.51,0.0,7.88,31.51,1987.6,3054.7,20.0,23.5,37.03,33.28,0.0,0.5,0.2,0.0,0;2;16;42,0
2026-08-06T18:04:40Z,2224.89,ensayo_01_kinova,Linea_Base_WiFi6,30.72,24.58,0.0,6.14,24.58,2091.4,1840.2,17.8,18.4,0.0,0.0,0.0,0.5,0.2,0.0,0;2;16;42,0
2026-08-06T18:04:42Z,2227.12,ensayo_01_kinova,Linea_Base_WiFi6,54.31,43.45,0.0,10.86,43.45,1758.8,5192.8,17.4,34.5,0.0,0.0,0.0,0.5,0.2,0.0,0;2;16;42,0
2026-08-06T18:04:44Z,2229.36,ensayo_01_kinova,Linea_Base_WiFi6,79.18,63.34,0.0,15.84,63.34,4051.9,6082.5,34.9,40.7,0.0,0.0,0.0,0.5,0.2,0.0,0;2;16;42,0
2026-08-06T18:04:46Z,2231.59,ensayo_01_kinova,Linea_Base_WiFi6,46.22,36.98,0.0,9.24,36.98,2446.0,3469.6,23.3,25.1,4.58,0.38,0.0,0.5,0.2,0.0,0;2;16;42,0
2026-08-06T18:04:48Z,2233.34,ensayo_01_kinova,Linea_Base_WiFi6,77.14,61.71,0.0,15.43,61.71,6878.9,2995.5,33.3,28.7,8.98,5.01,0.0,0.5,0.2,0.0,0;2;16;42,0
2026-08-06T18:04:50Z,2235.09,ensayo_01_kinova,Linea_Base_WiFi6,19.22,15.38,0.0,3.84,15.38,1151.1,1308.7,13.7,13.7,5.0,1.46,0.0,0.5,0.2,0.0,0;2;16;42,0
2026-08-06T18:04:51Z,2236.84,ensayo_01_kinova,Linea_Base_WiFi6,27.6,22.08,0.0,5.52,22.08,1626.9,1905.4,16.6,17.2,3.46,0.07,0.0,0.5,0.2,0.0,0;2;16;42,0
2026-08-06T18:04:53Z,2238.58,ensayo_01_kinova,Linea_Base_WiFi6,30.41,24.33,0.0,6.08,24.33,1475.6,2417.4,14.9,17.2,4.79,1.91,0.0,0.5,0.2,0.0,0;2;16;42,0
2026-08-06T18:04:55Z,2240.32,ensayo_01_kinova,Linea_Base_WiFi6,31.97,25.58,0.0,6.39,25.58,2067.9,2024.9,18.3,18.3,11.74,8.13,0.0,0.5,0.2,0.0,0;2;16;42,0
2026-08-06T18:04:57Z,2242.06,ensayo_01_kinova,Linea_Base_WiFi6,14.82,11.86,0.0,2.96,11.86,991.5,905.4,8.0,8.6,19.82,10.7,0.0,0.5,0.2,0.0,0;2;16;42,0
2026-08-06T18:04:58Z,2243.81,ensayo_01_kinova,Linea_Base_WiFi6,28.39,22.71,0.0,5.68,22.71,1655.7,1978.4,17.2,18.3,7.3,1.53,0.0,0.5,0.2,0.0,0;2;16;42,0
2026-08-06T18:05:00Z,2245.56,ensayo_01_kinova,Linea_Base_WiFi6,22.6,18.08,0.0,4.52,18.08,1286.7,1606.8,13.2,14.3,22.63,15.92,0.0,0.5,0.2,0.0,0;2;16;42,0
2026-08-06T18:05:02Z,2247.3,ensayo_01_kinova,Linea_Base_WiFi6,41.06,32.85,0.0,8.21,32.85,2300.0,2955.9,21.8,22.9,6.16,1.64,0.0,0.5,0.2,0.0,0;2;16;42,0
2026-08-06T18:05:04Z,2249.04,ensayo_01_kinova,Linea_Base_WiFi6,74.68,59.74,0.0,14.94,59.74,4910.2,4649.3,22.9,18.4,14.15,4.74,0.0,0.5,0.2,0.0,0;2;16;42,0
2026-08-06T18:05:05Z,2250.8,ensayo_01_kinova,Linea_Base_WiFi6,1685.53,1348.42,0.0,337.11,1348.42,205971.1,9776.2,154.0,121.0,6.77,1.35,0.0,0.5,0.2,0.0,0;2;16;42,0
2026-08-06T18:05:07Z,2252.55,ensayo_01_kinova,Linea_Base_WiFi6,24.33,19.46,0.0,4.87,19.46,1470.8,1643.7,16.6,14.9,16.89,9.6,0.0,0.5,0.2,0.0,0;2;16;42,0
2026-08-06T18:05:09Z,2254.3,ensayo_01_kinova,Linea_Base_WiFi6,36.27,29.02,0.0,7.25,29.02,1897.6,2744.5,20.1,20.6,24.3,8.48,0.0,0.5,0.2,0.0,0;2;16;42,0
2026-08-06T18:05:11Z,2256.07,ensayo_01_kinova,Linea_Base_WiFi6,78.68,62.94,0.0,15.74,62.94,3761.7,6308.8,29.4,22.0,3.82,0.22,0.0,0.5,0.2,0.0,0;2;16;42,0
2026-08-06T18:05:12Z,2257.81,ensayo_01_kinova,Linea_Base_WiFi6,31.29,25.03,0.0,6.26,25.03,2061.0,1943.9,19.5,17.2,13.44,3.47,0.0,0.5,0.2,0.0,0;2;16;42,0
2026-08-06T18:05:14Z,2259.56,ensayo_01_kinova,Linea_Base_WiFi6,24.22,19.38,0.0,4.84,19.38,1395.9,1703.7,14.8,16.0,4.99,0.82,0.0,0.5,0.2,0.0,0;2;16;42,0
2026-08-06T18:05:16Z,2261.31,ensayo_01_kinova,Linea_Base_WiFi6,28.18,22.54,0.0,5.64,22.54,1658.4,1948.6,17.2,17.8,18.98,8.69,0.0,0.5,0.2,0.0,0;2;16;42,0
2026-08-06T18:05:18Z,2263.07,ensayo_01_kinova,Linea_Base_WiFi6,21.21,16.97,0.0,4.24,16.97,927.5,1787.6,9.6,12.5,10.71,4.82,0.0,0.5,0.2,0.0,0;2;16;42,0
2026-08-06T18:05:19Z,2264.82,ensayo_01_kinova,Linea_Base_WiFi6,33.91,27.13,0.0,6.78,27.13,2324.8,2016.2,18.8,18.3,8.55,2.75,0.0,0.5,0.2,0.0,0;2;16;42,0
2026-08-06T18:05:21Z,2266.57,ensayo_01_kinova,Linea_Base_WiFi6,23.27,18.62,0.0,4.65,18.62,1332.0,1646.1,13.8,14.9,16.19,3.32,0.0,0.5,0.2,0.0,0;2;16;42,0
2026-08-06T18:05:23Z,2268.32,ensayo_01_kinova,Linea_Base_WiFi6,27.91,22.33,0.0,5.58,22.33,1637.3,1934.8,17.1,17.7,6.48,0.86,0.0,0.5,0.2,0.0,0;2;16;42,0
2026-08-06T18:05:25Z,2270.07,ensayo_01_kinova,Linea_Base_WiFi6,19.81,15.85,0.0,3.96,15.85,859.2,1676.5,9.2,12.0,6.26,0.77,0.0,0.5,0.2,0.0,0;2;16;42,0
2026-08-06T18:05:26Z,2271.81,ensayo_01_kinova,Linea_Base_WiFi6,32.51,26.01,0.0,6.5,26.01,2029.4,2131.7,17.8,18.4,10.64,2.2,0.0,0.5,0.2,0.0,0;2;16;42,0
2026-08-06T18:05:28Z,2273.56,ensayo_01_kinova,Linea_Base_WiFi6,26.03,20.82,0.0,5.21,20.82,1653.2,1678.9,14.3,14.8,8.65,1.14,0.0,0.5,0.2,0.0,0;2;16;42,0
2026-08-06T18:05:30Z,2275.31,ensayo_01_kinova,Linea_Base_WiFi6,27.98,22.38,0.0,5.6,22.38,1653.0,1928.9,17.1,17.7,11.39,2.15,0.0,0.5,0.2,0.0,0;2;16;42,0
2026-08-06T18:05:32Z,2277.06,ensayo_01_kinova,Linea_Base_WiFi6,78.14,62.51,0.0,15.63,62.51,8792.2,1209.8,18.9,12.6,6.69,3.1,0.0,0.5,0.2,0.0,0;2;16;42,0
2026-08-06T18:05:33Z,2278.81,ensayo_01_kinova,Linea_Base_WiFi6,37.62,30.1,0.0,7.52,30.1,2053.1,2761.8,22.3,20.6,6.59,1.05,0.0,0.5,0.2,0.0,0;2;16;42,0
2026-08-06T18:05:35Z,2280.55,ensayo_01_kinova,Linea_Base_WiFi6,31.35,25.08,0.0,6.27,25.08,2151.8,1861.4,17.8,17.2,4.93,0.89,0.0,0.5,0.2,0.0,0;2;16;42,0
2026-08-06T18:05:37Z,2282.29,ensayo_01_kinova,Linea_Base_WiFi6,27.53,22.02,0.0,5.51,22.02,1644.1,1879.2,17.2,16.6,4.14,0.35,0.0,0.5,0.2,0.0,0;2;16;42,0
2026-08-06T18:05:39Z,2284.04,ensayo_01_kinova,Linea_Base_WiFi6,14.35,11.48,0.0,2.87,11.48,830.1,1006.6,9.2,10.3,9.39,0.23,0.0,0.5,0.2,0.0,0;2;16;42,0
2026-08-06T18:05:40Z,2285.78,ensayo_01_kinova,Linea_Base_WiFi6,34.11,27.29,0.0,6.82,27.29,1865.2,2500.9,19.5,20.6,9.64,0.05,0.0,0.5,0.2,0.0,0;2;16;42,0
2026-08-06T18:05:42Z,2287.53,ensayo_01_kinova,Linea_Base_WiFi6,31.11,24.89,0.0,6.22,24.89,1825.1,2156.7,16.0,17.2,3.47,0.52,0.0,0.5,0.2,0.0,0;2;16;42,0
2026-08-06T18:05:44Z,2289.27,ensayo_01_kinova,Linea_Base_WiFi6,71.03,56.82,0.0,14.21,56.82,5887.4,3205.0,22.4,23.0,4.33,0.78,0.0,0.5,0.2,0.0,0;2;16;42,0
2026-08-06T18:05:46Z,2291.02,ensayo_01_kinova,Linea_Base_WiFi6,14.75,11.8,0.0,2.95,11.8,908.8,979.4,10.9,9.7,12.68,8.03,0.0,0.5,0.2,0.0,0;2;16;42,0
2026-08-06T18:05:47Z,2292.77,ensayo_01_kinova,Linea_Base_WiFi6,26.72,21.38,0.0,5.34,21.38,1593.4,1826.5,16.5,15.9,12.87,3.5,0.0,0.5,0.2,0.0,0;2;16;42,0
2026-08-06T18:05:49Z,2294.52,ensayo_01_kinova,Linea_Base_WiFi6,33.26,26.61,0.0,6.65,26.61,1730.6,2527.2,18.9,18.9,22.75,16.88,0.0,0.5,0.2,0.0,0;2;16;42,0
2026-08-06T18:05:51Z,2296.27,ensayo_01_kinova,Linea_Base_WiFi6,32.43,25.94,0.0,6.49,25.94,2136.2,2014.7,20.6,18.3,4.41,0.98,0.0,0.5,0.2,0.0,0;2;16;42,0
2026-08-06T18:05:53Z,2298.01,ensayo_01_kinova,Linea_Base_WiFi6,19.26,15.41,0.0,3.85,15.41,1316.0,1148.9,12.1,11.5,10.23,0.13,0.0,0.5,0.2,0.0,0;2;16;42,0
2026-08-06T18:05:54Z,2299.76,ensayo_01_kinova,Linea_Base_WiFi6,28.81,23.05,0.0,5.76,23.05,1711.6,1976.5,17.7,18.3,16.85,2.17,0.0,0.5,0.2,0.0,0;2;16;42,0
2026-08-06T18:05:56Z,2301.51,ensayo_01_kinova,Linea_Base_WiFi6,22.67,18.14,0.0,4.53,18.14,1303.4,1597.8,13.7,14.2,6.25,0.4,0.0,0.5,0.2,0.0,0;2;16;42,0
2026-08-06T18:05:58Z,2303.26,ensayo_01_kinova,Linea_Base_WiFi6,41.45,33.16,0.0,8.29,33.16,2388.4,2916.7,22.9,22.4,5.62,1.64,0.0,0.5,0.2,0.0,0;2;16;42,0
2026-08-06T18:06:00Z,2305.0,ensayo_01_kinova,Linea_Base_WiFi6,20.25,16.2,0.0,4.05,16.2,1336.2,1256.5,12.0,13.2,17.31,13.57,0.0,0.5,0.2,0.0,0;2;16;42,0
2026-08-06T18:06:01Z,2306.74,ensayo_01_kinova,Linea_Base_WiFi6,29.78,23.82,0.0,5.96,23.82,1699.3,2113.0,17.8,20.1,51.87,25.58,0.0,0.5,0.2,0.0,0;2;16;42,0
2026-08-06T18:06:03Z,2308.56,ensayo_01_kinova,Linea_Base_WiFi6,22.8,18.24,0.0,4.56,18.24,1372.2,1546.8,15.4,13.8,77.2,21.48,0.0,0.5,0.2,0.0,0;2;16;42,0
2026-08-06T18:06:05Z,2310.39,ensayo_01_kinova,Linea_Base_WiFi6,35.55,28.44,0.0,7.11,28.44,1846.9,2703.9,19.6,20.7,154.52,30.37,0.0,0.5,0.2,0.0,0;2;16;42,0
2026-08-06T18:06:07Z,2312.26,ensayo_01_kinova,Linea_Base_WiFi6,23.69,18.95,0.0,4.74,18.95,1505.0,1527.6,12.9,13.4,45.11,13.95,0.0,0.5,0.2,0.0,0;2;16;42,0
2026-08-06T18:06:09Z,2314.02,ensayo_01_kinova,Linea_Base_WiFi6,22.73,18.18,0.0,4.55,18.18,1552.8,1356.2,14.7,13.6,4.8,0.67,0.0,0.5,0.2,0.0,0;2;16;42,0
2026-08-06T18:06:10Z,2315.77,ensayo_01_kinova,Linea_Base_WiFi6,83.34,66.67,0.0,16.67,66.67,3674.5,6993.3,28.7,27.0,23.49,10.65,0.0,0.5,0.2,0.0,0;2;16;42,0
2026-08-06T18:06:12Z,2317.54,ensayo_01_kinova,Linea_Base_WiFi6,26.09,20.87,0.0,5.22,20.87,1527.0,1812.5,15.2,15.8,6.54,1.74,0.0,0.5,0.2,0.0,0;2;16;42,0
2026-08-06T18:06:14Z,2319.29,ensayo_01_kinova,Linea_Base_WiFi6,34.13,27.3,0.0,6.83,27.3,1739.3,2629.3,18.3,20.0,4.55,1.14,0.0,0.5,0.2,0.0,0;2;16;42,0
2026-08-06T18:06:16Z,2321.03,ensayo_01_kinova,Linea_Base_WiFi6,22.92,18.34,0.0,4.58,18.34,1667.4,1266.9,12.6,12.0,6.88,2.09,0.0,0.5,0.2,0.0,0;2;16;42,0
2026-08-06T18:06:17Z,2322.77,ensayo_01_kinova,Linea_Base_WiFi6,22.67,18.14,0.0,4.53,18.14,1293.8,1607.8,13.2,14.3,6.41,3.55,0.0,0.5,0.2,0.0,0;2;16;42,0
2026-08-06T18:06:19Z,2324.52,ensayo_01_kinova,Linea_Base_WiFi6,28.09,22.47,0.0,5.62,22.47,1655.5,1940.3,17.2,17.7,18.05,12.04,0.0,0.5,0.2,0.0,0;2;16;42,0
2026-08-06T18:06:21Z,2326.27,ensayo_01_kinova,Linea_Base_WiFi6,31.32,25.06,0.0,6.26,25.06,1539.4,2469.4,16.0,18.3,5.29,1.32,0.0,0.5,0.2,0.0,0;2;16;42,0
2026-08-06T18:06:23Z,2328.01,ensayo_01_kinova,Linea_Base_WiFi6,20.92,16.74,0.0,4.18,16.74,1401.1,1276.5,12.1,12.1,15.16,2.58,0.0,0.5,0.2,0.0,0;2;16;42,0
2026-08-06T18:06:24Z,2329.76,ensayo_01_kinova,Linea_Base_WiFi6,26.97,21.58,0.0,5.39,21.58,1724.2,1728.2,15.4,16.0,10.94,8.13,0.0,0.5,0.2,0.0,0;2;16;42,0
2026-08-06T18:06:26Z,2331.51,ensayo_01_kinova,Linea_Base_WiFi6,26.34,21.07,0.0,5.27,21.07,1541.6,1829.8,15.4,16.0,4.15,0.68,0.0,0.5,0.2,0.0,0;2;16;42,0
2026-08-06T18:06:28Z,2333.26,ensayo_01_kinova,Linea_Base_WiFi6,23.21,18.57,0.0,4.64,18.57,1305.0,1666.1,13.2,14.9,6.62,2.07,0.0,0.5,0.2,0.0,0;2;16;42,0
2026-08-06T18:06:30Z,2335.0,ensayo_01_kinova,Linea_Base_WiFi6,26.34,21.07,0.0,5.27,21.07,1278.3,2092.9,13.2,15.5,22.12,18.35,0.0,0.5,0.2,0.0,0;2;16;42,0
2026-08-06T18:06:31Z,2336.74,ensayo_01_kinova,Linea_Base_WiFi6,32.04,25.63,0.0,6.41,25.63,2180.4,1920.6,18.4,18.4,4.48,0.18,0.0,0.5,0.2,0.0,0;2;16;42,0
2026-08-06T18:06:33Z,2338.49,ensayo_01_kinova,Linea_Base_WiFi6,26.49,21.19,0.0,5.3,21.19,1546.1,1845.1,15.5,16.1,22.53,15.08,0.0,0.5,0.2,0.0,0;2;16;42,0
2026-08-06T18:06:35Z,2340.23,ensayo_01_kinova,Linea_Base_WiFi6,13.79,11.03,0.0,2.76,11.03,798.7,966.5,8.6,9.7,4.3,0.86,0.0,0.5,0.2,0.0,0;2;16;42,0
2026-08-06T18:06:37Z,2341.97,ensayo_01_kinova,Linea_Base_WiFi6,35.08,28.06,0.0,7.02,28.06,1806.5,2683.4,18.4,19.5,3.61,0.53,0.0,0.5,0.2,0.0,0;2;16;42,0
2026-08-06T18:06:38Z,2343.72,ensayo_01_kinova,Linea_Base_WiFi6,27.86,22.29,0.0,5.57,22.29,1778.2,1788.5,16.6,16.6,4.75,0.55,0.0,0.5,0.2,0.0,0;2;16;42,0
2026-08-06T18:06:40Z,2345.46,ensayo_01_kinova,Linea_Base_WiFi6,32.82,26.26,0.0,6.56,26.26,2147.5,2053.9,19.5,18.4,8.33,1.52,0.0,0.5,0.2,0.0,0;2;16;42,0
2026-08-06T18:06:42Z,2347.2,ensayo_01_kinova,Linea_Base_WiFi6,15.28,12.22,0.0,3.06,12.22,903.2,1053.2,10.3,10.9,9.2,2.08,0.0,0.5,0.2,0.0,0;2;16;42,0
2026-08-06T18:06:44Z,2348.95,ensayo_01_kinova,Linea_Base_WiFi6,141.18,112.94,0.0,28.24,112.94,13735.1,4336.1,28.7,29.3,3.96,0.08,0.0,0.5,0.2,0.0,0;2;16;42,0
2026-08-06T18:06:45Z,2350.69,ensayo_01_kinova,Linea_Base_WiFi6,41.04,32.83,0.0,8.21,32.83,2766.2,2486.9,18.4,18.4,4.49,0.28,0.0,0.5,0.2,0.0,0;2;16;42,0
2026-08-06T18:06:47Z,2352.43,ensayo_01_kinova,Linea_Base_WiFi6,33.92,27.14,0.0,6.78,27.14,2300.5,2041.1,18.4,18.4,14.56,9.6,0.0,0.5,0.2,0.0,0;2;16;42,0
2026-08-06T18:06:49Z,2354.19,ensayo_01_kinova,Linea_Base_WiFi6,61.97,49.58,0.0,12.39,49.58,5458.9,2473.2,15.3,17.0,3.71,0.06,0.0,0.5,0.2,0.0,0;2;16;42,0
2026-08-06T18:06:51Z,2355.93,ensayo_01_kinova,Linea_Base_WiFi6,27.16,21.73,0.0,5.43,21.73,1592.7,1883.4,16.1,16.7,5.55,0.7,0.0,0.5,0.2,0.0,0;2;16;42,0
2026-08-06T18:06:52Z,2357.68,ensayo_01_kinova,Linea_Base_WiFi6,25.42,20.34,0.0,5.08,20.34,1332.8,1921.3,13.8,15.5,3.38,0.05,0.0,0.5,0.2,0.0,0;2;16;42,0
2026-08-06T18:06:54Z,2359.42,ensayo_01_kinova,Linea_Base_WiFi6,39.03,31.22,0.0,7.81,31.22,2406.3,2590.0,23.5,21.2,3.41,0.0,0.0,0.5,0.2,0.0,0;2;16;42,0
2026-08-06T18:06:56Z,2361.16,ensayo_01_kinova,Linea_Base_WiFi6,16.09,12.87,0.0,3.22,12.87,1130.8,928.6,9.8,8.6,5.4,0.17,0.0,0.5,0.2,0.0,0;2;16;42,0
2026-08-06T18:06:58Z,2362.9,ensayo_01_kinova,Linea_Base_WiFi6,27.09,21.67,0.0,5.42,21.67,1584.4,1883.5,16.1,16.6,31.95,23.79,0.0,0.5,0.2,0.0,0;2;16;42,0
2026-08-06T18:06:59Z,2364.69,ensayo_01_kinova,Linea_Base_WiFi6,229.3,183.44,0.0,45.86,183.44,24508.0,4841.8,35.7,29.6,5.5,2.69,0.0,0.5,0.2,0.0,0;2;16;42,0
2026-08-06T18:07:01Z,2366.44,ensayo_01_kinova,Linea_Base_WiFi6,1578.6,1262.88,0.0,315.72,1262.88,192278.4,9782.6,123.7,116.3,11.59,5.87,0.0,0.5,0.2,0.0,0;2;16;42,0
2026-08-06T18:07:03Z,2368.2,ensayo_01_kinova,Linea_Base_WiFi6,19.71,15.77,0.0,3.94,15.77,1332.3,1190.6,12.5,12.5,22.03,10.53,0.0,0.5,0.2,0.0,0;2;16;42,0
2026-08-06T18:07:05Z,2369.97,ensayo_01_kinova,Linea_Base_WiFi6,33.11,26.49,0.0,6.62,26.49,2131.1,2106.8,19.8,19.8,5.37,1.92,0.0,0.5,0.2,0.0,0;2;16;42,0
2026-08-06T18:07:06Z,2371.72,ensayo_01_kinova,Linea_Base_WiFi6,23.45,18.76,0.0,4.69,18.76,1355.9,1645.9,14.3,14.9,8.31,3.14,0.0,0.5,0.2,0.0,0;2;16;42,0
2026-08-06T18:07:08Z,2373.47,ensayo_01_kinova,Linea_Base_WiFi6,28.7,22.96,0.0,5.74,22.96,1721.5,1952.4,18.2,17.7,26.26,0.82,0.0,0.5,0.2,0.0,0;2;16;42,0
2026-08-06T18:07:10Z,2375.23,ensayo_01_kinova,Linea_Base_WiFi6,86.7,69.36,0.0,17.34,69.36,3950.6,7147.6,30.6,25.5,9.05,3.56,0.0,0.5,0.2,0.0,0;2;16;42,0
2026-08-06T18:07:12Z,2376.98,ensayo_01_kinova,Linea_Base_WiFi6,32.42,25.94,0.0,6.48,25.94,2111.0,2038.5,20.0,18.8,15.39,2.06,0.0,0.5,0.2,0.0,0;2;16;42,0
2026-08-06T18:07:13Z,2378.74,ensayo_01_kinova,Linea_Base_WiFi6,23.66,18.93,0.0,4.73,18.93,1349.4,1679.1,14.3,15.4,7.81,4.72,0.0,0.5,0.2,0.0,0;2;16;42,0
2026-08-06T18:07:15Z,2380.49,ensayo_01_kinova,Linea_Base_WiFi6,28.32,22.66,0.0,5.66,22.66,1687.6,1937.4,17.7,17.7,4.7,0.2,0.0,0.5,0.2,0.0,0;2;16;42,0
2026-08-06T18:07:17Z,2382.23,ensayo_01_kinova,Linea_Base_WiFi6,21.51,17.21,0.0,4.3,17.21,970.3,1783.3,10.3,12.6,4.52,0.42,0.0,0.5,0.2,0.0,0;2;16;42,0
2026-08-06T18:07:19Z,2383.97,ensayo_01_kinova,Linea_Base_WiFi6,32.0,25.6,0.0,6.4,25.6,2050.2,2045.6,18.9,18.9,4.44,0.84,0.0,0.5,0.2,0.0,0;2;16;42,0
2026-08-06T18:07:20Z,2385.71,ensayo_01_kinova,Linea_Base_WiFi6,25.38,20.3,0.0,5.08,20.3,1615.4,1632.6,13.8,14.3,21.35,4.14,0.0,0.5,0.2,0.0,0;2;16;42,0
2026-08-06T18:07:22Z,2387.47,ensayo_01_kinova,Linea_Base_WiFi6,26.88,21.5,0.0,5.38,21.5,1576.6,1864.4,15.9,16.5,3.75,0.23,0.0,0.5,0.2,0.0,0;2;16;42,0
2026-08-06T18:07:24Z,2389.21,ensayo_01_kinova,Linea_Base_WiFi6,15.55,12.44,0.0,3.11,12.44,906.6,1083.3,10.3,11.5,4.9,0.53,0.0,0.5,0.2,0.0,0;2;16;42,0
2026-08-06T18:07:26Z,2390.96,ensayo_01_kinova,Linea_Base_WiFi6,33.65,26.92,0.0,6.73,26.92,1699.7,2607.5,16.6,18.4,11.07,3.67,0.0,0.5,0.2,0.0,0;2;16;42,0
2026-08-06T18:07:27Z,2392.7,ensayo_01_kinova,Linea_Base_WiFi6,31.48,25.18,0.0,6.3,25.18,2283.7,1745.8,20.6,15.5,18.54,3.26,0.0,0.5,0.2,0.0,0;2;16;42,0
2026-08-06T18:07:29Z,2394.45,ensayo_01_kinova,Linea_Base_WiFi6,29.1,23.28,0.0,5.82,23.28,1790.6,1934.3,20.0,17.7,18.87,11.2,0.0,0.5,0.2,0.0,0;2;16;42,0
2026-08-06T18:07:31Z,2396.2,ensayo_01_kinova,Linea_Base_WiFi6,13.18,10.54,0.0,2.64,10.54,753.0,934.1,8.0,9.2,29.06,17.18,0.0,0.5,0.2,0.0,0;2;16;42,0
2026-08-06T18:07:33Z,2397.95,ensayo_01_kinova,Linea_Base_WiFi6,35.82,28.66,0.0,7.16,28.66,1905.1,2680.5,21.1,20.6,18.1,1.25,0.0,0.5,0.2,0.0,0;2;16;42,0
2026-08-06T18:07:34Z,2399.71,ensayo_01_kinova,Linea_Base_WiFi6,30.05,24.04,0.0,6.01,24.04,1925.5,1920.3,18.2,17.6,11.15,3.78,0.0,0.5,0.2,0.0,0;2;16;42,0
2026-08-06T18:07:36Z,2401.46,ensayo_01_kinova,Linea_Base_WiFi6,30.23,24.18,0.0,6.05,24.18,1937.9,1931.1,17.1,17.1,3.36,0.18,0.0,0.5,0.2,0.0,0;2;16;42,0
2026-08-06T18:07:38Z,2403.2,ensayo_01_kinova,Linea_Base_WiFi6,13.87,11.1,0.0,2.77,11.1,792.8,983.0,8.6,9.8,36.05,30.87,0.0,0.5,0.2,0.0,0;2;16;42,0
2026-08-06T18:07:40Z,2405.0,ensayo_01_kinova,Linea_Base_WiFi6,28.83,23.06,0.0,5.77,23.06,1727.7,1962.8,17.7,17.7,29.72,26.71,0.0,0.5,0.2,0.0,0;2;16;42,0
2026-08-06T18:07:41Z,2406.79,ensayo_01_kinova,Linea_Base_WiFi6,31.29,25.03,0.0,6.26,25.03,1549.5,2455.4,16.2,18.4,56.91,21.99,0.0,0.5,0.2,0.0,0;2;16;42,0
2026-08-06T18:07:43Z,2408.61,ensayo_01_kinova,Linea_Base_WiFi6,69.7,55.76,0.0,13.94,55.76,5892.0,3029.9,20.4,20.9,43.81,2.85,0.0,0.5,0.2,0.0,0;2;16;42,0
2026-08-06T18:07:45Z,2410.39,ensayo_01_kinova,Linea_Base_WiFi6,23.77,19.02,0.0,4.75,19.02,1378.6,1664.6,14.6,15.7,24.2,10.96,0.0,0.5,0.2,0.0,0;2;16;42,0
2026-08-06T18:07:47Z,2412.15,ensayo_01_kinova,Linea_Base_WiFi6,18.0,14.4,0.0,3.6,14.4,1073.9,1230.2,11.4,12.0,8.54,2.75,0.0,0.5,0.2,0.0,0;2;16;42,0
2026-08-06T18:07:49Z,2413.9,ensayo_01_kinova,Linea_Base_WiFi6,29.34,23.47,0.0,5.87,23.47,1396.3,2358.8,14.8,17.7,14.36,10.91,0.0,0.5,0.2,0.0,0;2;16;42,0
2026-08-06T18:07:50Z,2415.66,ensayo_01_kinova,Linea_Base_WiFi6,34.93,27.94,0.0,6.99,27.94,2087.6,2383.4,18.1,21.0,56.36,42.91,0.0,0.5,0.2,0.0,0;2;16;42,0
2026-08-06T18:07:52Z,2417.41,ensayo_01_kinova,Linea_Base_WiFi6,23.18,18.54,0.0,4.64,18.54,1326.8,1639.7,13.7,14.8,2.96,0.0,50.0,0.5,0.2,0.0,0;2;16;42,0
2026-08-06T18:07:54Z,2419.25,ensayo_01_kinova,Linea_Base_WiFi6,18.37,14.7,0.0,3.67,14.7,1103.4,1248.1,12.0,12.5,0.0,0.0,0.0,0.5,0.2,0.0,0;2;16;42,0
2026-08-06T18:07:56Z,2421.49,ensayo_01_kinova,Linea_Base_WiFi6,24.75,19.8,0.0,4.95,19.8,1363.5,1804.9,13.9,15.7,33.11,25.48,0.0,0.5,0.2,0.0,0;2;16;42,0
2026-08-06T18:07:58Z,2423.23,ensayo_01_kinova,Linea_Base_WiFi6,28.83,23.06,0.0,5.77,23.06,1536.0,2154.0,14.9,16.0,37.9,4.39,0.0,0.5,0.2,0.0,0;2;16;42,0
2026-08-06T18:08:00Z,2425.01,ensayo_01_kinova,Linea_Base_WiFi6,28.14,22.51,0.0,5.63,22.51,1681.8,1919.5,15.8,19.2,17.57,13.95,0.0,0.5,0.2,0.0,0;2;16;42,0
2026-08-06T18:08:01Z,2426.78,ensayo_01_kinova,Linea_Base_WiFi6,30.37,24.3,0.0,6.07,24.3,1932.2,1955.3,17.5,18.0,12.43,8.75,0.0,0.5,0.2,0.0,0;2;16;42,0
2026-08-06T18:08:03Z,2428.54,ensayo_01_kinova,Linea_Base_WiFi6,26.69,21.35,0.0,5.34,21.35,1524.5,1892.2,16.5,18.8,8.77,2.24,0.0,0.5,0.2,0.0,0;2;16;42,0
2026-08-06T18:08:05Z,2430.28,ensayo_01_kinova,Linea_Base_WiFi6,67.49,53.99,0.0,13.5,53.99,3869.7,4769.2,17.8,20.1,6.41,0.8,0.0,0.5,0.2,0.0,0;2;16;42,0
2026-08-06T18:08:07Z,2432.03,ensayo_01_kinova,Linea_Base_WiFi6,1651.28,1321.02,0.0,330.26,1321.02,202485.7,8878.7,143.2,112.9,8.54,1.04,0.0,0.5,0.2,0.0,0;2;16;42,0
2026-08-06T18:08:08Z,2433.77,ensayo_01_kinova,Linea_Base_WiFi6,28.74,22.99,0.0,5.75,22.99,1691.2,1987.3,17.8,18.3,4.33,0.59,0.0,0.5,0.2,0.0,0;2;16;42,0
2026-08-06T18:08:10Z,2435.52,ensayo_01_kinova,Linea_Base_WiFi6,85.66,68.53,0.0,17.13,68.53,4050.9,6913.2,29.3,25.3,8.82,5.15,0.0,0.5,0.2,0.0,0;2;16;42,0
2026-08-06T18:08:12Z,2437.27,ensayo_01_kinova,Linea_Base_WiFi6,19.76,15.81,0.0,3.95,15.81,1173.3,1355.7,12.5,13.7,4.49,0.21,0.0,0.5,0.2,0.0,0;2;16;42,0
2026-08-06T18:08:14Z,2439.01,ensayo_01_kinova,Linea_Base_WiFi6,34.27,27.42,0.0,6.85,27.42,1750.9,2635.6,18.9,20.7,9.48,2.08,0.0,0.5,0.2,0.0,0;2;16;42,0
2026-08-06T18:08:15Z,2440.76,ensayo_01_kinova,Linea_Base_WiFi6,31.26,25.01,0.0,6.25,25.01,1999.4,2001.7,18.3,18.3,8.63,2.71,0.0,0.5,0.2,0.0,0;2;16;42,0
2026-08-06T18:08:17Z,2442.51,ensayo_01_kinova,Linea_Base_WiFi6,28.18,22.54,0.0,5.64,22.54,1816.0,1790.7,16.6,16.6,22.22,17.61,0.0,0.5,0.2,0.0,0;2;16;42,0
2026-08-06T18:08:19Z,2444.29,ensayo_01_kinova,Linea_Base_WiFi6,19.07,15.26,0.0,3.81,15.26,1151.3,1289.6,12.4,12.9,3.92,0.14,0.0,0.5,0.2,0.0,0;2;16;42,0
2026-08-06T18:08:21Z,2446.03,ensayo_01_kinova,Linea_Base_WiFi6,30.41,24.33,0.0,6.08,24.33,1485.3,2406.8,14.9,17.2,21.99,16.8,0.0,0.5,0.2,0.0,0;2;16;42,0
2026-08-06T18:08:22Z,2447.77,ensayo_01_kinova,Linea_Base_WiFi6,30.3,24.24,0.0,6.06,24.24,1939.3,1939.3,17.2,17.2,3.65,0.11,0.0,0.5,0.2,0.0,0;2;16;42,0
2026-08-06T18:08:24Z,2449.52,ensayo_01_kinova,Linea_Base_WiFi6,25.54,20.43,0.0,5.11,20.43,1479.9,1789.8,16.1,17.2,4.48,0.09,0.0,0.5,0.2,0.0,0;2;16;42,0
2026-08-06T18:08:26Z,2451.26,ensayo_01_kinova,Linea_Base_WiFi6,20.69,16.55,0.0,4.14,16.55,1399.3,1249.1,12.0,11.5,4.05,0.02,0.0,0.5,0.2,0.0,0;2;16;42,0
2026-08-06T18:08:28Z,2453.0,ensayo_01_kinova,Linea_Base_WiFi6,23.51,18.81,0.0,4.7,18.81,1343.2,1666.5,13.8,14.9,3.48,0.02,0.0,0.5,0.2,0.0,0;2;16;42,0
2026-08-06T18:08:29Z,2454.75,ensayo_01_kinova,Linea_Base_WiFi6,40.91,32.73,0.0,8.18,32.73,2218.0,3018.3,22.9,23.5,4.64,0.53,0.0,0.5,0.2,0.0,0;2;16;42,0
2026-08-06T18:08:31Z,2456.49,ensayo_01_kinova,Linea_Base_WiFi6,289.37,231.5,0.0,57.87,231.5,18761.9,18277.0,70.0,63.1,3.75,0.2,0.0,0.5,0.2,0.0,0;2;16;42,0
2026-08-06T18:08:33Z,2458.23,ensayo_01_kinova,Linea_Base_WiFi6,33.69,26.95,0.0,6.74,26.95,2383.7,1928.7,17.2,14.3,3.89,0.31,0.0,0.5,0.2,0.0,0;2;16;42,0
2026-08-06T18:08:35Z,2459.97,ensayo_01_kinova,Linea_Base_WiFi6,35.79,28.63,0.0,7.16,28.63,2393.4,2187.2,18.4,18.4,5.8,2.21,0.0,0.5,0.2,0.0,0;2;16;42,0
2026-08-06T18:08:36Z,2461.72,ensayo_01_kinova,Linea_Base_WiFi6,30.37,24.3,0.0,6.07,24.3,1731.7,2155.1,18.9,17.2,3.66,0.75,0.0,0.5,0.2,0.0,0;2;16;42,0
2026-08-06T18:08:38Z,2463.46,ensayo_01_kinova,Linea_Base_WiFi6,100.48,80.38,0.0,20.1,80.38,4284.3,8577.2,29.3,32.8,6.17,2.35,0.0,0.5,0.2,0.0,0;2;16;42,0
2026-08-06T18:08:40Z,2465.2,ensayo_01_kinova,Linea_Base_WiFi6,30.74,24.59,0.0,6.15,24.59,1453.3,2481.2,14.9,16.7,7.14,1.98,0.0,0.5,0.2,0.0,0;2;16;42,0
2026-08-06T18:08:42Z,2466.94,ensayo_01_kinova,Linea_Base_WiFi6,30.57,24.46,0.0,6.11,24.46,1787.3,2126.2,16.6,17.7,3.82,0.49,0.0,0.5,0.2,0.0,0;2;16;42,0
2026-08-06T18:08:43Z,2468.69,ensayo_01_kinova,Linea_Base_WiFi6,61.93,49.54,0.0,12.39,49.54,5550.4,2376.7,21.2,19.5,23.54,19.57,0.0,0.5,0.2,0.0,0;2;16;42,0
2026-08-06T18:08:45Z,2470.43,ensayo_01_kinova,Linea_Base_WiFi6,35.1,28.08,0.0,7.02,28.08,1818.7,2673.8,19.5,20.7,4.99,1.57,0.0,0.5,0.2,0.0,0;2;16;42,0
2026-08-06T18:08:47Z,2472.17,ensayo_01_kinova,Linea_Base_WiFi6,30.98,24.78,0.0,6.2,24.78,1844.7,2120.4,17.2,18.3,5.2,1.68,0.0,0.5,0.2,0.0,0;2;16;42,0
2026-08-06T18:08:49Z,2473.91,ensayo_01_kinova,Linea_Base_WiFi6,30.39,24.31,0.0,6.08,24.31,1888.8,2001.5,17.2,18.4,4.87,1.01,0.0,0.5,0.2,0.0,0;2;16;42,0
2026-08-06T18:08:50Z,2475.66,ensayo_01_kinova,Linea_Base_WiFi6,25.9,20.72,0.0,5.18,20.72,1512.5,1802.4,14.9,15.5,16.63,10.17,0.0,0.5,0.2,0.0,0;2;16;42,0
2026-08-06T18:08:52Z,2477.4,ensayo_01_kinova,Linea_Base_WiFi6,21.72,17.38,0.0,4.34,17.38,1195.7,1585.1,12.6,13.8,3.45,0.19,0.0,0.5,0.2,0.0,0;2;16;42,0
2026-08-06T18:08:54Z,2479.14,ensayo_01_kinova,Linea_Base_WiFi6,44.13,35.3,0.0,8.83,35.3,2618.0,3031.1,29.3,27.0,3.49,0.07,0.0,0.5,0.2,0.0,0;2;16;42,0
2026-08-06T18:08:56Z,2480.88,ensayo_01_kinova,Linea_Base_WiFi6,80.28,64.22,0.0,16.06,64.22,5586.7,4688.8,61.5,44.8,4.64,1.03,0.0,0.5,0.2,0.0,0;2;16;42,0
2026-08-06T18:08:57Z,2482.63,ensayo_01_kinova,Linea_Base_WiFi6,81.24,64.99,0.0,16.25,64.99,3035.0,7363.3,27.0,43.0,17.36,3.65,0.0,0.5,0.2,0.0,0;2;16;42,0
2026-08-06T18:08:59Z,2484.39,ensayo_01_kinova,Linea_Base_WiFi6,174.06,139.25,0.0,34.81,139.25,9480.8,12798.4,48.3,43.2,7.0,1.73,0.0,0.5,0.2,0.0,0;2;16;42,0
2026-08-06T18:09:01Z,2486.13,ensayo_01_kinova,Linea_Base_WiFi6,51.67,41.34,0.0,10.33,41.34,2907.9,3706.5,25.2,23.5,15.03,7.22,0.0,0.5,0.2,0.0,0;2;16;42,0
2026-08-06T18:09:03Z,2487.88,ensayo_01_kinova,Linea_Base_WiFi6,95.58,76.46,0.0,19.12,76.46,6296.0,5938.9,28.7,29.2,3.45,0.23,0.0,0.5,0.2,0.0,0;2;16;42,0
2026-08-06T18:09:04Z,2489.62,ensayo_01_kinova,Linea_Base_WiFi6,35.14,28.11,0.0,7.03,28.11,2376.3,2121.3,21.8,18.4,7.47,3.75,0.0,0.5,0.2,0.0,0;2;16;42,0
2026-08-06T18:09:06Z,2491.37,ensayo_01_kinova,Linea_Base_WiFi6,13.69,10.95,0.0,2.74,10.95,770.0,982.4,7.4,8.6,3.23,0.18,0.0,0.5,0.2,0.0,0;2;16;42,0
2026-08-06T18:09:08Z,2493.11,ensayo_01_kinova,Linea_Base_WiFi6,27.65,22.12,0.0,5.53,22.12,1611.5,1927.1,16.1,16.7,10.42,5.49,0.0,0.5,0.2,0.0,0;2;16;42,0
2026-08-06T18:09:10Z,2494.86,ensayo_01_kinova,Linea_Base_WiFi6,89.07,71.26,0.0,17.81,71.26,3772.3,7628.9,29.1,27.9,4.43,1.17,0.0,0.5,0.2,0.0,0;2;16;42,0
2026-08-06T18:09:11Z,2496.61,ensayo_01_kinova,Linea_Base_WiFi6,35.4,28.32,0.0,7.08,28.32,2488.2,2042.8,21.8,18.4,5.93,0.12,0.0,0.5,0.2,0.0,0;2;16;42,0
2026-08-06T18:09:13Z,2498.35,ensayo_01_kinova,Linea_Base_WiFi6,12.31,9.85,0.0,2.46,9.85,708.6,867.4,7.5,8.0,7.13,2.98,0.0,0.5,0.2,0.0,0;2;16;42,0
2026-08-06T18:09:15Z,2500.09,ensayo_01_kinova,Linea_Base_WiFi6,27.98,22.38,0.0,5.6,22.38,1672.9,1909.1,17.8,17.2,4.58,0.1,0.0,0.5,0.2,0.0,0;2;16;42,0
2026-08-06T18:09:16Z,2501.83,ensayo_01_kinova,Linea_Base_WiFi6,25.29,20.23,0.0,5.06,20.23,1306.5,1931.1,13.8,14.9,13.7,9.25,0.0,0.5,0.2,0.0,0;2;16;42,0
2026-08-06T18:09:18Z,2503.59,ensayo_01_kinova,Linea_Base_WiFi6,34.79,27.83,0.0,6.96,27.83,2097.2,2355.5,18.7,18.7,6.92,0.04,0.0,0.5,0.2,0.0,0;2;16;42,0
2026-08-06T18:09:20Z,2505.34,ensayo_01_kinova,Linea_Base_WiFi6,16.49,13.19,0.0,3.3,13.19,1119.8,990.8,9.2,9.8,5.45,1.13,0.0,0.5,0.2,0.0,0;2;16;42,0
2026-08-06T18:09:22Z,2507.08,ensayo_01_kinova,Linea_Base_WiFi6,28.99,23.19,0.0,5.8,23.19,1830.0,1880.5,20.1,16.6,7.92,1.45,0.0,0.5,0.2,0.0,0;2;16;42,0
2026-08-06T18:09:23Z,2508.82,ensayo_01_kinova,Linea_Base_WiFi6,27.16,21.73,0.0,5.43,21.73,1694.1,1782.5,20.1,17.2,6.26,1.95,0.0,0.5,0.2,0.0,0;2;16;42,0
2026-08-06T18:09:25Z,2510.57,ensayo_01_kinova,Linea_Base_WiFi6,34.62,27.7,0.0,6.92,27.7,1806.9,2624.6,18.4,18.4,9.85,1.23,0.0,0.5,0.2,0.0,0;2;16;42,0
2026-08-06T18:09:27Z,2512.32,ensayo_01_kinova,Linea_Base_WiFi6,16.33,13.06,0.0,3.27,13.06,1159.9,930.2,10.3,8.6,3.46,0.76,0.0,0.5,0.2,0.0,0;2;16;42,0
2026-08-06T18:09:29Z,2514.06,ensayo_01_kinova,Linea_Base_WiFi6,32.12,25.7,0.0,6.42,25.7,2067.4,2044.4,18.9,18.9,3.43,0.27,0.0,0.5,0.2,0.0,0;2;16;42,0
2026-08-06T18:09:30Z,2515.8,ensayo_01_kinova,Linea_Base_WiFi6,22.38,17.9,0.0,4.48,17.9,1252.8,1611.8,12.6,14.4,4.18,0.66,0.0,0.5,0.2,0.0,0;2;16;42,0
2026-08-06T18:09:32Z,2517.54,ensayo_01_kinova,Linea_Base_WiFi6,25.34,20.27,0.0,5.07,20.27,1481.7,1761.3,14.4,14.9,11.43,6.1,0.0,0.5,0.2,0.0,0;2;16;42,0
2026-08-06T18:09:34Z,2519.28,ensayo_01_kinova,Linea_Base_WiFi6,26.0,20.8,0.0,5.2,20.8,1281.7,2045.9,14.3,16.6,6.58,2.45,0.0,0.5,0.2,0.0,0;2;16;42,0
2026-08-06T18:09:36Z,2521.03,ensayo_01_kinova,Linea_Base_WiFi6,30.0,24.0,0.0,6.0,24.0,2053.2,1786.4,15.5,14.9,10.51,4.32,0.0,0.5,0.2,0.0,0;2;16;42,0
2026-08-06T18:09:37Z,2522.77,ensayo_01_kinova,Linea_Base_WiFi6,22.1,17.68,0.0,4.42,17.68,1257.2,1571.5,12.6,13.8,4.95,1.84,0.0,0.5,0.2,0.0,0;2;16;42,0
2026-08-06T18:09:39Z,2524.52,ensayo_01_kinova,Linea_Base_WiFi6,30.35,24.28,0.0,6.07,24.28,1757.7,2126.7,18.4,19.5,12.75,5.91,0.0,0.5,0.2,0.0,0;2;16;42,0
2026-08-06T18:09:41Z,2526.26,ensayo_01_kinova,Linea_Base_WiFi6,20.7,16.56,0.0,4.14,16.56,989.6,1659.6,9.8,10.3,7.91,3.52,0.0,0.5,0.2,0.0,0;2;16;42,0
2026-08-06T18:09:43Z,2528.01,ensayo_01_kinova,Linea_Base_WiFi6,30.31,24.25,0.0,6.06,24.25,1966.6,1913.4,17.7,16.6,4.76,1.16,0.0,0.5,0.2,0.0,0;2;16;42,0
2026-08-06T18:09:44Z,2529.75,ensayo_01_kinova,Linea_Base_WiFi6,61.01,48.81,0.0,12.2,48.81,5610.3,2199.4,19.0,18.4,8.1,2.97,0.0,0.5,0.2,0.0,0;2;16;42,0
2026-08-06T18:09:46Z,2531.49,ensayo_01_kinova,Linea_Base_WiFi6,25.82,20.66,0.0,5.16,20.66,1507.5,1797.8,14.9,15.5,24.25,20.71,0.0,0.5,0.2,0.0,0;2;16;42,0
2026-08-06T18:09:48Z,2533.23,ensayo_01_kinova,Linea_Base_WiFi6,13.87,11.1,0.0,2.77,11.1,792.5,982.6,8.6,9.8,12.81,0.77,0.0,0.5,0.2,0.0,0;2;16;42,0
2026-08-06T18:09:50Z,2534.98,ensayo_01_kinova,Linea_Base_WiFi6,35.28,28.22,0.0,7.06,28.22,1876.9,2639.4,19.4,18.8,23.45,13.62,0.0,0.5,0.2,0.0,0;2;16;42,0
2026-08-06T18:09:51Z,2536.73,ensayo_01_kinova,Linea_Base_WiFi6,27.59,22.07,0.0,5.52,22.07,1917.3,1613.9,14.3,13.7,22.54,12.96,0.0,0.5,0.2,0.0,0;2;16;42,0
2026-08-06T18:09:53Z,2538.51,ensayo_01_kinova,Linea_Base_WiFi6,27.58,22.06,0.0,5.52,22.06,1717.8,1811.9,19.2,15.8,4.44,0.76,0.0,0.5,0.2,0.0,0;2;16;42,0
2026-08-06T18:09:55Z,2540.25,ensayo_01_kinova,Linea_Base_WiFi6,15.07,12.06,0.0,3.01,12.06,923.6,1005.6,10.9,10.3,6.43,2.95,0.0,0.5,0.2,0.0,0;2;16;42,0
2026-08-06T18:09:57Z,2541.99,ensayo_01_kinova,Linea_Base_WiFi6,32.47,25.98,0.0,6.49,25.98,1624.0,2531.9,15.5,17.2,20.37,9.72,0.0,0.5,0.2,0.0,0;2;16;42,0
2026-08-06T18:09:58Z,2543.76,ensayo_01_kinova,Linea_Base_WiFi6,26.05,20.84,0.0,5.21,20.84,1652.4,1682.4,14.7,15.3,5.88,1.17,0.0,0.5,0.2,0.0,0;2;16;42,0
2026-08-06T18:10:00Z,2545.5,ensayo_01_kinova,Linea_Base_WiFi6,30.4,24.32,0.0,6.08,24.32,1956.6,1934.2,17.8,17.2,5.47,0.53,0.0,0.5,0.2,0.0,0;2;16;42,0
2026-08-06T18:10:02Z,2547.24,ensayo_01_kinova,Linea_Base_WiFi6,12.6,10.08,0.0,2.52,10.08,746.5,865.7,8.0,8.0,3.87,0.71,0.0,0.5,0.2,0.0,0;2;16;42,0
2026-08-06T18:10:04Z,2548.98,ensayo_01_kinova,Linea_Base_WiFi6,1698.77,1359.02,0.0,339.75,1359.02,204610.7,12831.9,145.9,131.0,15.67,12.35,0.0,0.5,0.2,0.0,0;2;16;42,0
2026-08-06T18:10:05Z,2550.75,ensayo_01_kinova,Linea_Base_WiFi6,30.04,24.03,0.0,6.01,24.03,1483.6,2361.3,14.7,16.4,4.49,0.5,0.0,0.5,0.2,0.0,0;2;16;42,0
2026-08-06T18:10:07Z,2552.49,ensayo_01_kinova,Linea_Base_WiFi6,32.48,25.98,0.0,6.5,25.98,2227.2,1929.6,17.2,16.7,7.5,2.4,0.0,0.5,0.2,0.0,0;2;16;42,0
2026-08-06T18:10:09Z,2554.24,ensayo_01_kinova,Linea_Base_WiFi6,14.92,11.94,0.0,2.98,11.94,866.9,1043.3,9.7,10.9,5.04,2.14,0.0,0.5,0.2,0.0,0;2;16;42,0
2026-08-06T18:10:11Z,2555.98,ensayo_01_kinova,Linea_Base_WiFi6,87.47,69.98,0.0,17.49,69.98,4024.7,7172.1,32.2,28.2,7.53,4.08,0.0,0.5,0.2,0.0,0;2;16;42,0
2026-08-06T18:10:12Z,2557.72,ensayo_01_kinova,Linea_Base_WiFi6,26.4,21.12,0.0,5.28,21.12,1453.4,1925.4,16.1,15.5,4.4,0.4,0.0,0.5,0.2,0.0,0;2;16;42,0
2026-08-06T18:10:14Z,2559.46,ensayo_01_kinova,Linea_Base_WiFi6,74.95,59.96,0.0,14.99,59.96,3416.0,6177.7,28.7,21.3,4.95,0.51,0.0,0.5,0.2,0.0,0;2;16;42,0
2026-08-06T18:10:16Z,2561.2,ensayo_01_kinova,Linea_Base_WiFi6,25.54,20.43,0.0,5.11,20.43,1634.6,1634.0,14.4,14.4,7.95,4.16,0.0,0.5,0.2,0.0,0;2;16;42,0
2026-08-06T18:10:18Z,2562.94,ensayo_01_kinova,Linea_Base_WiFi6,99.94,79.95,0.0,19.99,79.95,5352.3,7440.2,36.8,29.3,3.21,0.09,0.0,0.5,0.2,0.0,0;2;16;42,0
2026-08-06T18:10:19Z,2564.68,ensayo_01_kinova,Linea_Base_WiFi6,107.5,86.0,0.0,21.5,86.0,5767.2,7993.1,43.1,32.2,6.04,1.85,0.0,0.5,0.2,0.0,0;2;16;42,0
2026-08-06T18:10:21Z,2566.42,ensayo_01_kinova,Linea_Base_WiFi6,56.11,44.89,0.0,11.22,44.89,2873.6,4309.0,23.0,19.5,9.93,0.16,0.0,0.5,0.2,0.0,0;2;16;42,0
2026-08-06T18:10:23Z,2568.17,ensayo_01_kinova,Linea_Base_WiFi6,114.29,91.43,0.0,22.86,91.43,5438.3,9191.1,37.8,30.3,3.48,0.11,0.0,0.5,0.2,0.0,0;2;16;42,0
2026-08-06T18:10:25Z,2569.92,ensayo_01_kinova,Linea_Base_WiFi6,91.8,73.44,0.0,18.36,73.44,5070.1,6679.8,36.1,29.8,6.58,1.22,0.0,0.5,0.2,0.0,0;2;16;42,0
2026-08-06T18:10:26Z,2571.66,ensayo_01_kinova,Linea_Base_WiFi6,110.26,88.21,0.0,22.05,88.21,5014.0,9099.2,34.4,29.2,6.28,2.47,0.0,0.5,0.2,0.0,0;2;16;42,0
2026-08-06T18:10:28Z,2573.41,ensayo_01_kinova,Linea_Base_WiFi6,68.11,54.49,0.0,13.62,54.49,3306.6,5411.9,24.0,20.0,3.5,0.18,0.0,0.5,0.2,0.0,0;2;16;42,0
2026-08-06T18:10:30Z,2575.15,ensayo_01_kinova,Linea_Base_WiFi6,100.85,80.68,0.0,20.17,80.68,4714.6,8194.6,35.0,31.5,6.57,3.16,0.0,0.5,0.2,0.0,0;2;16;42,0
2026-08-06T18:10:32Z,2576.9,ensayo_01_kinova,Linea_Base_WiFi6,152.25,121.8,0.0,30.45,121.8,12770.1,6718.5,42.8,30.8,6.34,0.89,0.0,0.5,0.2,0.0,0;2;16;42,0
2026-08-06T18:10:33Z,2578.65,ensayo_01_kinova,Linea_Base_WiFi6,57.06,45.65,0.0,11.41,45.65,3189.3,4113.8,27.5,22.4,3.71,0.26,0.0,0.5,0.2,0.0,0;2;16;42,0
2026-08-06T18:10:35Z,2580.39,ensayo_01_kinova,Linea_Base_WiFi6,3455.58,2764.46,0.0,691.12,2764.46,10698.6,431615.7,80.7,65.3,6.93,1.89,0.0,0.5,0.2,0.0,0;2;16;42,0
2026-08-06T18:10:37Z,2582.14,ensayo_01_kinova,Linea_Base_WiFi6,90.9,72.72,0.0,18.18,72.72,4489.6,7145.3,32.6,29.8,9.94,1.79,0.0,0.5,0.2,0.0,0;2;16;42,0
2026-08-06T18:10:39Z,2583.89,ensayo_01_kinova,Linea_Base_WiFi6,118.91,95.13,0.0,23.78,95.13,5737.0,9484.0,39.5,32.6,4.68,0.12,0.0,0.5,0.2,0.0,0;2;16;42,0
2026-08-06T18:10:40Z,2585.63,ensayo_01_kinova,Linea_Base_WiFi6,85.17,68.14,0.0,17.03,68.14,4508.1,6393.7,35.0,29.3,9.4,1.53,0.0,0.5,0.2,0.0,0;2;16;42,0
2026-08-06T18:10:42Z,2587.38,ensayo_01_kinova,Linea_Base_WiFi6,109.36,87.49,0.0,21.87,87.49,5004.7,8993.5,36.0,31.5,3.24,0.23,0.0,0.5,0.2,0.0,0;2;16;42,0
2026-08-06T18:10:44Z,2589.12,ensayo_01_kinova,Linea_Base_WiFi6,106.61,85.29,0.0,21.32,85.29,7967.2,5678.8,34.5,33.3,5.87,1.68,0.0,0.5,0.2,0.0,0;2;16;42,0
2026-08-06T18:10:46Z,2590.86,ensayo_01_kinova,Linea_Base_WiFi6,128.66,102.93,0.0,25.73,102.93,6053.4,10415.5,43.6,36.7,5.2,0.48,0.0,0.5,0.2,0.0,0;2;16;42,0
2026-08-06T18:10:47Z,2592.6,ensayo_01_kinova,Linea_Base_WiFi6,61.44,49.15,0.0,12.29,49.15,3661.4,4203.2,26.9,24.1,6.0,1.36,0.0,0.5,0.2,0.0,0;2;16;42,0
2026-08-06T18:10:49Z,2594.35,ensayo_01_kinova,Linea_Base_WiFi6,80.92,64.74,0.0,16.18,64.74,4164.0,6193.2,30.4,28.1,8.06,4.82,0.0,0.5,0.2,0.0,0;2;16;42,0
2026-08-06T18:10:51Z,2596.09,ensayo_01_kinova,Linea_Base_WiFi6,113.43,90.74,0.0,22.69,90.74,5193.6,9325.5,37.8,33.2,4.34,1.22,0.0,0.5,0.2,0.0,0;2;16;42,0
2026-08-06T18:10:53Z,2597.84,ensayo_01_kinova,Linea_Base_WiFi6,92.38,73.9,0.0,18.48,73.9,4758.4,7065.9,36.1,32.1,3.69,0.17,0.0,0.5,0.2,0.0,0;2;16;42,0
2026-08-06T18:10:54Z,2599.58,ensayo_01_kinova,Linea_Base_WiFi6,113.12,90.5,0.0,22.62,90.5,5030.5,9448.8,36.7,33.3,3.57,0.05,0.0,0.5,0.2,0.0,0;2;16;42,0
2026-08-06T18:10:56Z,2601.33,ensayo_01_kinova,Linea_Base_WiFi6,60.47,48.38,0.0,12.09,48.38,3635.1,4105.3,24.6,21.8,4.32,0.73,0.0,0.5,0.2,0.0,0;2;16;42,0
2026-08-06T18:10:58Z,2603.07,ensayo_01_kinova,Linea_Base_WiFi6,110.36,88.29,0.0,22.07,88.29,4994.4,9131.5,33.9,29.3,4.16,0.57,0.0,0.5,0.2,0.0,0;2;16;42,0
2026-08-06T18:10:59Z,2604.81,ensayo_01_kinova,Linea_Base_WiFi6,89.09,71.27,0.0,17.82,71.27,4625.3,6778.7,33.8,32.1,43.23,36.04,0.0,0.5,0.2,0.0,0;2;16;42,0
2026-08-06T18:11:01Z,2606.63,ensayo_01_kinova,Linea_Base_WiFi6,57.74,46.19,0.0,11.55,46.19,2896.2,4494.7,22.5,20.9,17.59,13.67,0.0,0.5,0.2,0.0,0;2;16;42,0
2026-08-06T18:11:03Z,2608.38,ensayo_01_kinova,Linea_Base_WiFi6,174.73,139.78,0.0,34.95,139.78,9291.1,13074.4,42.5,37.3,31.15,25.89,0.0,0.5,0.2,0.0,0;2;16;42,0
2026-08-06T18:11:05Z,2610.17,ensayo_01_kinova,Linea_Base_WiFi6,407.84,326.27,0.0,81.57,326.27,7197.8,45006.1,48.4,46.2,0.0,0.0,0.0,0.5,0.2,0.0,0;2;16;42,0
2026-08-06T18:11:07Z,2612.41,ensayo_01_kinova,Linea_Base_WiFi6,124.29,99.43,0.0,24.86,99.43,5399.5,10509.3,35.3,36.6,0.0,0.0,0.0,0.5,0.2,0.0,0;2;16;42,0
2026-08-06T18:11:09Z,2614.65,ensayo_01_kinova,Linea_Base_WiFi6,1785.31,1428.25,0.0,357.06,1428.25,22595.6,205924.6,183.3,139.9,3.13,0.11,0.0,0.5,0.2,0.0,0;2;16;42,0
2026-08-06T18:11:11Z,2616.4,ensayo_01_kinova,Linea_Base_WiFi6,717.36,573.89,0.0,143.47,573.89,66078.6,25743.3,99.0,81.2,6.84,3.45,0.0,0.5,0.2,0.0,0;2;16;42,0
2026-08-06T18:11:13Z,2618.15,ensayo_01_kinova,Linea_Base_WiFi6,611.54,489.23,0.0,122.31,489.23,65140.7,13136.6,60.0,62.8,3.63,0.43,0.0,0.5,0.2,0.0,0;2;16;42,0
2026-08-06T18:11:15Z,2619.89,ensayo_01_kinova,Linea_Base_WiFi6,456.53,365.22,0.0,91.31,365.22,15927.4,42509.0,80.1,69.2,17.3,12.11,0.0,0.5,0.2,0.0,0;2;16;42,0
2026-08-06T18:11:16Z,2621.66,ensayo_01_kinova,Linea_Base_WiFi6,2368.54,1894.83,0.0,473.71,1894.83,15998.6,287174.4,145.7,128.8,11.17,1.92,0.0,0.5,0.2,0.0,0;2;16;42,0
2026-08-06T18:11:18Z,2623.42,ensayo_01_kinova,Linea_Base_WiFi6,165.15,132.12,0.0,33.03,132.12,12619.1,8520.1,46.3,42.3,4.61,1.27,0.0,0.5,0.2,0.0,0;2;16;42,0
2026-08-06T18:11:20Z,2625.16,ensayo_01_kinova,Linea_Base_WiFi6,397.96,318.37,0.0,79.59,318.37,15691.8,35246.8,66.4,63.6,15.15,12.13,0.0,0.5,0.2,0.0,0;2;16;42,0
2026-08-06T18:11:22Z,2626.91,ensayo_01_kinova,Linea_Base_WiFi6,546.9,437.52,0.0,109.38,437.52,9456.9,60546.5,81.5,56.8,5.39,0.79,0.0,0.5,0.2,0.0,0;2;16;42,0
2026-08-06T18:11:23Z,2628.65,ensayo_01_kinova,Linea_Base_WiFi6,640.73,512.58,0.0,128.15,512.58,9785.5,72227.9,81.9,49.8,18.27,8.47,0.0,0.5,0.2,0.0,0;2;16;42,0
